"filename", "language", "JSON", "C#", "XML", "aspnetcorerazor", "Markdown", "Properties", "JavaScript", "CSS", "SCSS", "Less", "Ignore", "PowerShell", "comment", "blank", "total"
"c:\Users\Zika\Desktop\Zivojin\RIIEdition\Data\CalendarData.cs", "C#", 0, 15, 0, 0, 0, 0, 0, 0, 0, 0, 0, 0, 1, 9, 25
"c:\Users\Zika\Desktop\Zivojin\RIIEdition\Data\FlashCardData.cs", "C#", 0, 12, 0, 0, 0, 0, 0, 0, 0, 0, 0, 0, 0, 6, 18
"c:\Users\Zika\Desktop\Zivojin\RIIEdition\Data\MaterijalData.cs", "C#", 0, 13, 0, 0, 0, 0, 0, 0, 0, 0, 0, 0, 0, 6, 19
"c:\Users\Zika\Desktop\Zivojin\RIIEdition\Data\QuizData.cs", "C#", 0, 12, 0, 0, 0, 0, 0, 0, 0, 0, 0, 0, 0, 6, 18
"c:\Users\Zika\Desktop\Zivojin\RIIEdition\Data\RIIDBContext.cs", "C#", 0, 17, 0, 0, 0, 0, 0, 0, 0, 0, 0, 0, 0, 3, 20
"c:\Users\Zika\Desktop\Zivojin\RIIEdition\Data\SendEmail.cs", "C#", 0, 32, 0, 0, 0, 0, 0, 0, 0, 0, 0, 0, 0, 2, 34
"c:\Users\Zika\Desktop\Zivojin\RIIEdition\Data\User.cs", "C#", 0, 24, 0, 0, 0, 0, 0, 0, 0, 0, 0, 0, 0, 17, 41
"c:\Users\Zika\Desktop\Zivojin\RIIEdition\Migrations\20200323202353_RIIMigrations1.Designer.cs", "C#", 0, 222, 0, 0, 0, 0, 0, 0, 0, 0, 0, 0, 1, 73, 296
"c:\Users\Zika\Desktop\Zivojin\RIIEdition\Migrations\20200323202353_RIIMigrations1.cs", "C#", 0, 205, 0, 0, 0, 0, 0, 0, 0, 0, 0, 0, 0, 22, 227
"c:\Users\Zika\Desktop\Zivojin\RIIEdition\Migrations\20200324103440_RIIMigrations2.Designer.cs", "C#", 0, 224, 0, 0, 0, 0, 0, 0, 0, 0, 0, 0, 1, 74, 299
"c:\Users\Zika\Desktop\Zivojin\RIIEdition\Migrations\20200324103440_RIIMigrations2.cs", "C#", 0, 22, 0, 0, 0, 0, 0, 0, 0, 0, 0, 0, 0, 3, 25
"c:\Users\Zika\Desktop\Zivojin\RIIEdition\Migrations\20200413050056_RIIMigrations3.Designer.cs", "C#", 0, 248, 0, 0, 0, 0, 0, 0, 0, 0, 0, 0, 1, 83, 332
"c:\Users\Zika\Desktop\Zivojin\RIIEdition\Migrations\20200413050056_RIIMigrations3.cs", "C#", 0, 41, 0, 0, 0, 0, 0, 0, 0, 0, 0, 0, 0, 4, 45
"c:\Users\Zika\Desktop\Zivojin\RIIEdition\Migrations\20200413050629_RIIMigrations4.Designer.cs", "C#", 0, 246, 0, 0, 0, 0, 0, 0, 0, 0, 0, 0, 1, 82, 329
"c:\Users\Zika\Desktop\Zivojin\RIIEdition\Migrations\20200413050629_RIIMigrations4.cs", "C#", 0, 68, 0, 0, 0, 0, 0, 0, 0, 0, 0, 0, 0, 13, 81
"c:\Users\Zika\Desktop\Zivojin\RIIEdition\Migrations\20200413105344_RIIMigrations5.Designer.cs", "C#", 0, 248, 0, 0, 0, 0, 0, 0, 0, 0, 0, 0, 1, 83, 332
"c:\Users\Zika\Desktop\Zivojin\RIIEdition\Migrations\20200413105344_RIIMigrations5.cs", "C#", 0, 38, 0, 0, 0, 0, 0, 0, 0, 0, 0, 0, 0, 7, 45
"c:\Users\Zika\Desktop\Zivojin\RIIEdition\Migrations\20200413173316_RIIMigrations6.Designer.cs", "C#", 0, 256, 0, 0, 0, 0, 0, 0, 0, 0, 0, 0, 1, 87, 344
"c:\Users\Zika\Desktop\Zivojin\RIIEdition\Migrations\20200413173316_RIIMigrations6.cs", "C#", 0, 42, 0, 0, 0, 0, 0, 0, 0, 0, 0, 0, 0, 9, 51
"c:\Users\Zika\Desktop\Zivojin\RIIEdition\Migrations\20200504072834_DodatiRazlicitEMogucnosti.Designer.cs", "C#", 0, 338, 0, 0, 0, 0, 0, 0, 0, 0, 0, 0, 1, 119, 458
"c:\Users\Zika\Desktop\Zivojin\RIIEdition\Migrations\20200504072834_DodatiRazlicitEMogucnosti.cs", "C#", 0, 120, 0, 0, 0, 0, 0, 0, 0, 0, 0, 0, 0, 16, 136
"c:\Users\Zika\Desktop\Zivojin\RIIEdition\Migrations\20200504213958_AzuriranMaterijalData.Designer.cs", "C#", 0, 340, 0, 0, 0, 0, 0, 0, 0, 0, 0, 0, 1, 120, 461
"c:\Users\Zika\Desktop\Zivojin\RIIEdition\Migrations\20200504213958_AzuriranMaterijalData.cs", "C#", 0, 20, 0, 0, 0, 0, 0, 0, 0, 0, 0, 0, 0, 3, 23
"c:\Users\Zika\Desktop\Zivojin\RIIEdition\Migrations\20200504214234_AzuriranMaterijalData2.Designer.cs", "C#", 0, 342, 0, 0, 0, 0, 0, 0, 0, 0, 0, 0, 1, 121, 464
"c:\Users\Zika\Desktop\Zivojin\RIIEdition\Migrations\20200504214234_AzuriranMaterijalData2.cs", "C#", 0, 35, 0, 0, 0, 0, 0, 0, 0, 0, 0, 0, 0, 7, 42
"c:\Users\Zika\Desktop\Zivojin\RIIEdition\Migrations\RIIDBContextModelSnapshot.cs", "C#", 0, 340, 0, 0, 0, 0, 0, 0, 0, 0, 0, 0, 1, 121, 462
"c:\Users\Zika\Desktop\Zivojin\RIIEdition\Pages\AdminPages\CreateRole.cshtml", "aspnetcorerazor", 0, 0, 0, 23, 0, 0, 0, 0, 0, 0, 0, 0, 0, 6, 29
"c:\Users\Zika\Desktop\Zivojin\RIIEdition\Pages\AdminPages\CreateRole.cshtml.cs", "C#", 0, 43, 0, 0, 0, 0, 0, 0, 0, 0, 0, 0, 0, 4, 47
"c:\Users\Zika\Desktop\Zivojin\RIIEdition\Pages\AdminPages\EditRole.cshtml", "aspnetcorerazor", 0, 0, 0, 53, 0, 0, 0, 0, 0, 0, 0, 0, 0, 10, 63
"c:\Users\Zika\Desktop\Zivojin\RIIEdition\Pages\AdminPages\EditRole.cshtml.cs", "C#", 0, 55, 0, 0, 0, 0, 0, 0, 0, 0, 0, 0, 0, 11, 66
"c:\Users\Zika\Desktop\Zivojin\RIIEdition\Pages\AdminPages\EditUsersRoles.cshtml", "aspnetcorerazor", 0, 0, 0, 33, 0, 0, 0, 0, 0, 0, 0, 0, 0, 6, 39
"c:\Users\Zika\Desktop\Zivojin\RIIEdition\Pages\AdminPages\EditUsersRoles.cshtml.cs", "C#", 0, 68, 0, 0, 0, 0, 0, 0, 0, 0, 0, 0, 0, 13, 81
"c:\Users\Zika\Desktop\Zivojin\RIIEdition\Pages\AdminPages\ListRoles.cshtml", "aspnetcorerazor", 0, 0, 0, 38, 0, 0, 0, 0, 0, 0, 0, 0, 0, 5, 43
"c:\Users\Zika\Desktop\Zivojin\RIIEdition\Pages\AdminPages\ListRoles.cshtml.cs", "C#", 0, 24, 0, 0, 0, 0, 0, 0, 0, 0, 0, 0, 0, 3, 27
"c:\Users\Zika\Desktop\Zivojin\RIIEdition\Pages\AdminPages\ListUsers.cshtml", "aspnetcorerazor", 0, 0, 0, 70, 0, 0, 0, 0, 0, 0, 0, 0, 0, 21, 91
"c:\Users\Zika\Desktop\Zivojin\RIIEdition\Pages\AdminPages\ListUsers.cshtml.cs", "C#", 0, 41, 0, 0, 0, 0, 0, 0, 0, 0, 0, 0, 0, 6, 47
"c:\Users\Zika\Desktop\Zivojin\RIIEdition\Pages\Error.cshtml", "aspnetcorerazor", 0, 0, 0, 31, 0, 0, 0, 0, 0, 0, 0, 0, 0, 7, 38
"c:\Users\Zika\Desktop\Zivojin\RIIEdition\Pages\Error.cshtml.cs", "C#", 0, 26, 0, 0, 0, 0, 0, 0, 0, 0, 0, 0, 0, 6, 32
"c:\Users\Zika\Desktop\Zivojin\RIIEdition\Pages\Index.cshtml", "aspnetcorerazor", 0, 0, 0, 64, 0, 0, 0, 0, 0, 0, 0, 0, 0, 22, 86
"c:\Users\Zika\Desktop\Zivojin\RIIEdition\Pages\Index.cshtml.cs", "C#", 0, 16, 0, 0, 0, 0, 0, 0, 0, 0, 0, 0, 0, 7, 23
"c:\Users\Zika\Desktop\Zivojin\RIIEdition\Pages\Privacy.cshtml", "aspnetcorerazor", 0, 0, 0, 15, 0, 0, 0, 0, 0, 0, 0, 0, 0, 5, 20
"c:\Users\Zika\Desktop\Zivojin\RIIEdition\Pages\Privacy.cshtml.cs", "C#", 0, 21, 0, 0, 0, 0, 0, 0, 0, 0, 0, 0, 0, 4, 25
"c:\Users\Zika\Desktop\Zivojin\RIIEdition\Pages\Shared\_HeaderPartial.cshtml", "aspnetcorerazor", 0, 0, 0, 63, 0, 0, 0, 0, 0, 0, 0, 0, 0, 7, 70
"c:\Users\Zika\Desktop\Zivojin\RIIEdition\Pages\Shared\_Layout.cshtml", "aspnetcorerazor", 0, 0, 0, 14, 0, 0, 0, 0, 0, 0, 0, 0, 0, 3, 17
"c:\Users\Zika\Desktop\Zivojin\RIIEdition\Pages\Shared\_ScriptsPartial.cshtml", "aspnetcorerazor", 0, 0, 0, 4, 0, 0, 0, 0, 0, 0, 0, 0, 0, 4, 8
"c:\Users\Zika\Desktop\Zivojin\RIIEdition\Pages\Shared\_ValidationScriptsPartial.cshtml", "aspnetcorerazor", 0, 0, 0, 2, 0, 0, 0, 0, 0, 0, 0, 0, 0, 1, 3
"c:\Users\Zika\Desktop\Zivojin\RIIEdition\Pages\UserPages\BlanketNapravi.cshtml", "aspnetcorerazor", 0, 0, 0, 72, 0, 0, 0, 0, 0, 0, 0, 0, 0, 20, 92
"c:\Users\Zika\Desktop\Zivojin\RIIEdition\Pages\UserPages\BlanketNapravi.cshtml.cs", "C#", 0, 32, 0, 0, 0, 0, 0, 0, 0, 0, 0, 0, 0, 14, 46
"c:\Users\Zika\Desktop\Zivojin\RIIEdition\Pages\UserPages\Calendar.cshtml", "aspnetcorerazor", 0, 0, 0, 191, 0, 0, 0, 0, 0, 0, 0, 0, 0, 33, 224
"c:\Users\Zika\Desktop\Zivojin\RIIEdition\Pages\UserPages\Calendar.cshtml.cs", "C#", 0, 98, 0, 0, 0, 0, 0, 0, 0, 0, 0, 0, 1, 20, 119
"c:\Users\Zika\Desktop\Zivojin\RIIEdition\Pages\UserPages\ChangePassword.cshtml", "aspnetcorerazor", 0, 0, 0, 13, 0, 0, 0, 0, 0, 0, 0, 0, 0, 1, 14
"c:\Users\Zika\Desktop\Zivojin\RIIEdition\Pages\UserPages\ChangePassword.cshtml.cs", "C#", 0, 31, 0, 0, 0, 0, 0, 0, 0, 0, 0, 0, 0, 5, 36
"c:\Users\Zika\Desktop\Zivojin\RIIEdition\Pages\UserPages\ConfirmEmail.cshtml", "aspnetcorerazor", 0, 0, 0, 13, 0, 0, 0, 0, 0, 0, 0, 0, 0, 2, 15
"c:\Users\Zika\Desktop\Zivojin\RIIEdition\Pages\UserPages\ConfirmEmail.cshtml.cs", "C#", 0, 38, 0, 0, 0, 0, 0, 0, 0, 0, 0, 0, 0, 8, 46
"c:\Users\Zika\Desktop\Zivojin\RIIEdition\Pages\UserPages\EditUserProfile.cshtml", "aspnetcorerazor", 0, 0, 0, 12, 0, 0, 0, 0, 0, 0, 0, 0, 0, 2, 14
"c:\Users\Zika\Desktop\Zivojin\RIIEdition\Pages\UserPages\EditUserProfile.cshtml.cs", "C#", 0, 15, 0, 0, 0, 0, 0, 0, 0, 0, 0, 0, 0, 2, 17
"c:\Users\Zika\Desktop\Zivojin\RIIEdition\Pages\UserPages\ExternalLoginCallback.cshtml", "aspnetcorerazor", 0, 0, 0, 12, 0, 0, 0, 0, 0, 0, 0, 0, 0, 3, 15
"c:\Users\Zika\Desktop\Zivojin\RIIEdition\Pages\UserPages\ExternalLoginCallback.cshtml.cs", "C#", 0, 48, 0, 0, 0, 0, 0, 0, 0, 0, 0, 0, 0, 20, 68
"c:\Users\Zika\Desktop\Zivojin\RIIEdition\Pages\UserPages\Login.cshtml", "aspnetcorerazor", 0, 0, 0, 76, 0, 0, 0, 0, 0, 0, 0, 0, 0, 18, 94
"c:\Users\Zika\Desktop\Zivojin\RIIEdition\Pages\UserPages\Login.cshtml.cs", "C#", 0, 66, 0, 0, 0, 0, 0, 0, 0, 0, 0, 0, 1, 10, 77
"c:\Users\Zika\Desktop\Zivojin\RIIEdition\Pages\UserPages\Logout.cshtml", "aspnetcorerazor", 0, 0, 0, 12, 0, 0, 0, 0, 0, 0, 0, 0, 0, 2, 14
"c:\Users\Zika\Desktop\Zivojin\RIIEdition\Pages\UserPages\Logout.cshtml.cs", "C#", 0, 27, 0, 0, 0, 0, 0, 0, 0, 0, 0, 0, 0, 5, 32
"c:\Users\Zika\Desktop\Zivojin\RIIEdition\Pages\UserPages\Materijali.cshtml", "aspnetcorerazor", 0, 0, 0, 191, 0, 0, 0, 0, 0, 0, 0, 0, 0, 37, 228
"c:\Users\Zika\Desktop\Zivojin\RIIEdition\Pages\UserPages\Materijali.cshtml.cs", "C#", 0, 15, 0, 0, 0, 0, 0, 0, 0, 0, 0, 0, 0, 2, 17
"c:\Users\Zika\Desktop\Zivojin\RIIEdition\Pages\UserPages\OMaterijalima.cshtml", "aspnetcorerazor", 0, 0, 0, 50, 0, 0, 0, 0, 0, 0, 0, 0, 0, 10, 60
"c:\Users\Zika\Desktop\Zivojin\RIIEdition\Pages\UserPages\OMaterijalima.cshtml.cs", "C#", 0, 15, 0, 0, 0, 0, 0, 0, 0, 0, 0, 0, 0, 2, 17
"c:\Users\Zika\Desktop\Zivojin\RIIEdition\Pages\UserPages\ProfilPage.cshtml", "aspnetcorerazor", 0, 0, 0, 45, 0, 0, 0, 0, 0, 0, 0, 0, 0, 26, 71
"c:\Users\Zika\Desktop\Zivojin\RIIEdition\Pages\UserPages\ProfilPage.cshtml.cs", "C#", 0, 25, 0, 0, 0, 0, 0, 0, 0, 0, 0, 0, 0, 4, 29
"c:\Users\Zika\Desktop\Zivojin\RIIEdition\Pages\UserPages\Register.cshtml", "aspnetcorerazor", 0, 0, 0, 119, 0, 0, 0, 0, 0, 0, 0, 0, 0, 28, 147
"c:\Users\Zika\Desktop\Zivojin\RIIEdition\Pages\UserPages\Register.cshtml.cs", "C#", 0, 130, 0, 0, 0, 0, 0, 0, 0, 0, 0, 0, 0, 36, 166
"c:\Users\Zika\Desktop\Zivojin\RIIEdition\Pages\UserPages\Relaksacija.cshtml", "aspnetcorerazor", 0, 0, 0, 126, 0, 0, 0, 0, 0, 0, 0, 0, 0, 31, 157
"c:\Users\Zika\Desktop\Zivojin\RIIEdition\Pages\UserPages\Relaksacija.cshtml.cs", "C#", 0, 15, 0, 0, 0, 0, 0, 0, 0, 0, 0, 0, 0, 2, 17
"c:\Users\Zika\Desktop\Zivojin\RIIEdition\Pages\UserPages\ResetPassword.cshtml", "aspnetcorerazor", 0, 0, 0, 30, 0, 0, 0, 0, 0, 0, 0, 0, 0, 6, 36
"c:\Users\Zika\Desktop\Zivojin\RIIEdition\Pages\UserPages\ResetPassword.cshtml.cs", "C#", 0, 57, 0, 0, 0, 0, 0, 0, 0, 0, 0, 0, 0, 9, 66
"c:\Users\Zika\Desktop\Zivojin\RIIEdition\Pages\UserPages\ZapocniVodic.cshtml", "aspnetcorerazor", 0, 0, 0, 20, 0, 0, 0, 0, 0, 0, 0, 0, 0, 5, 25
"c:\Users\Zika\Desktop\Zivojin\RIIEdition\Pages\UserPages\ZapocniVodic.cshtml.cs", "C#", 0, 15, 0, 0, 0, 0, 0, 0, 0, 0, 0, 0, 0, 2, 17
"c:\Users\Zika\Desktop\Zivojin\RIIEdition\Pages\_ViewImports.cshtml", "aspnetcorerazor", 0, 0, 0, 6, 0, 0, 0, 0, 0, 0, 0, 0, 0, 1, 7
"c:\Users\Zika\Desktop\Zivojin\RIIEdition\Pages\_ViewStart.cshtml", "aspnetcorerazor", 0, 0, 0, 3, 0, 0, 0, 0, 0, 0, 0, 0, 0, 1, 4
"c:\Users\Zika\Desktop\Zivojin\RIIEdition\Program.cs", "C#", 0, 25, 0, 0, 0, 0, 0, 0, 0, 0, 0, 0, 0, 5, 30
"c:\Users\Zika\Desktop\Zivojin\RIIEdition\Properties\launchSettings.json", "JSON", 27, 0, 0, 0, 0, 0, 0, 0, 0, 0, 0, 0, 0, 1, 28
"c:\Users\Zika\Desktop\Zivojin\RIIEdition\RIIEdition.csproj", "XML", 0, 0, 22, 0, 0, 0, 0, 0, 0, 0, 0, 0, 0, 6, 28
"c:\Users\Zika\Desktop\Zivojin\RIIEdition\Startup.cs", "C#", 0, 81, 0, 0, 0, 0, 0, 0, 0, 0, 0, 0, 3, 10, 94
"c:\Users\Zika\Desktop\Zivojin\RIIEdition\appsettings.Development.json", "JSON", 9, 0, 0, 0, 0, 0, 0, 0, 0, 0, 0, 0, 0, 1, 10
"c:\Users\Zika\Desktop\Zivojin\RIIEdition\appsettings.json", "JSON", 13, 0, 0, 0, 0, 0, 0, 0, 0, 0, 0, 0, 0, 2, 15
"c:\Users\Zika\Desktop\Zivojin\RIIEdition\bin\Debug\netcoreapp3.1\Properties\launchSettings.json", "JSON", 27, 0, 0, 0, 0, 0, 0, 0, 0, 0, 0, 0, 0, 1, 28
"c:\Users\Zika\Desktop\Zivojin\RIIEdition\bin\Debug\netcoreapp3.1\RIIEdition.StaticWebAssets.xml", "XML", 0, 0, 3, 0, 0, 0, 0, 0, 0, 0, 0, 0, 0, 0, 3
"c:\Users\Zika\Desktop\Zivojin\RIIEdition\bin\Debug\netcoreapp3.1\RIIEdition.deps.json", "JSON", 6219, 0, 0, 0, 0, 0, 0, 0, 0, 0, 0, 0, 0, 0, 6219
"c:\Users\Zika\Desktop\Zivojin\RIIEdition\bin\Debug\netcoreapp3.1\RIIEdition.runtimeconfig.dev.json", "JSON", 9, 0, 0, 0, 0, 0, 0, 0, 0, 0, 0, 0, 0, 0, 9
"c:\Users\Zika\Desktop\Zivojin\RIIEdition\bin\Debug\netcoreapp3.1\RIIEdition.runtimeconfig.json", "JSON", 12, 0, 0, 0, 0, 0, 0, 0, 0, 0, 0, 0, 0, 0, 12
"c:\Users\Zika\Desktop\Zivojin\RIIEdition\bin\Debug\netcoreapp3.1\appsettings.Development.json", "JSON", 9, 0, 0, 0, 0, 0, 0, 0, 0, 0, 0, 0, 0, 1, 10
"c:\Users\Zika\Desktop\Zivojin\RIIEdition\bin\Debug\netcoreapp3.1\appsettings.json", "JSON", 13, 0, 0, 0, 0, 0, 0, 0, 0, 0, 0, 0, 0, 2, 15
"c:\Users\Zika\Desktop\Zivojin\RIIEdition\bin\Debug\netcoreapp3.1\package-lock.json", "JSON", 7994, 0, 0, 0, 0, 0, 0, 0, 0, 0, 0, 0, 0, 1, 7995
"c:\Users\Zika\Desktop\Zivojin\RIIEdition\bin\Debug\netcoreapp3.1\package.json", "JSON", 53, 0, 0, 0, 0, 0, 0, 0, 0, 0, 0, 0, 0, 1, 54
"c:\Users\Zika\Desktop\Zivojin\RIIEdition\bower_components\bootstrap-social\.bower.json", "JSON", 30, 0, 0, 0, 0, 0, 0, 0, 0, 0, 0, 0, 0, 0, 30
"c:\Users\Zika\Desktop\Zivojin\RIIEdition\bower_components\bootstrap-social\.editorconfig", "Properties", 0, 0, 0, 0, 0, 8, 0, 0, 0, 0, 0, 0, 1, 3, 12
"c:\Users\Zika\Desktop\Zivojin\RIIEdition\bower_components\bootstrap-social\README.md", "Markdown", 0, 0, 0, 0, 51, 0, 0, 0, 0, 0, 0, 0, 0, 12, 63
"c:\Users\Zika\Desktop\Zivojin\RIIEdition\bower_components\bootstrap-social\bootstrap-social.css", "CSS", 0, 0, 0, 0, 0, 0, 0, 138, 0, 0, 0, 0, 8, 2, 148
"c:\Users\Zika\Desktop\Zivojin\RIIEdition\bower_components\bootstrap-social\bootstrap-social.less", "Less", 0, 0, 0, 0, 0, 0, 0, 0, 0, 101, 0, 0, 8, 7, 116
"c:\Users\Zika\Desktop\Zivojin\RIIEdition\bower_components\bootstrap-social\bootstrap-social.scss", "SCSS", 0, 0, 0, 0, 0, 0, 0, 0, 101, 0, 0, 0, 8, 7, 116
"c:\Users\Zika\Desktop\Zivojin\RIIEdition\bower_components\bootstrap-social\bower.json", "JSON", 18, 0, 0, 0, 0, 0, 0, 0, 0, 0, 0, 0, 0, 1, 19
"c:\Users\Zika\Desktop\Zivojin\RIIEdition\bower_components\bootstrap-social\package.json", "JSON", 14, 0, 0, 0, 0, 0, 0, 0, 0, 0, 0, 0, 0, 1, 15
"c:\Users\Zika\Desktop\Zivojin\RIIEdition\bower_components\bootstrap\.bower.json", "JSON", 44, 0, 0, 0, 0, 0, 0, 0, 0, 0, 0, 0, 0, 0, 44
"c:\Users\Zika\Desktop\Zivojin\RIIEdition\bower_components\bootstrap\CHANGELOG.md", "Markdown", 0, 0, 0, 0, 3, 0, 0, 0, 0, 0, 0, 0, 0, 3, 6
"c:\Users\Zika\Desktop\Zivojin\RIIEdition\bower_components\bootstrap\Gruntfile.js", "JavaScript", 0, 0, 0, 0, 0, 0, 215, 0, 0, 0, 0, 0, 182, 34, 431
"c:\Users\Zika\Desktop\Zivojin\RIIEdition\bower_components\bootstrap\ISSUE_TEMPLATE.md", "Markdown", 0, 0, 0, 0, 15, 0, 0, 0, 0, 0, 0, 0, 0, 8, 23
"c:\Users\Zika\Desktop\Zivojin\RIIEdition\bower_components\bootstrap\README.md", "Markdown", 0, 0, 0, 0, 94, 0, 0, 0, 0, 0, 0, 0, 0, 56, 150
"c:\Users\Zika\Desktop\Zivojin\RIIEdition\bower_components\bootstrap\bower.json", "JSON", 34, 0, 0, 0, 0, 0, 0, 0, 0, 0, 0, 0, 0, 1, 35
"c:\Users\Zika\Desktop\Zivojin\RIIEdition\bower_components\bootstrap\dist\css\bootstrap-theme.css", "CSS", 0, 0, 0, 0, 0, 0, 0, 581, 0, 0, 0, 0, 6, 0, 587
"c:\Users\Zika\Desktop\Zivojin\RIIEdition\bower_components\bootstrap\dist\css\bootstrap-theme.min.css", "CSS", 0, 0, 0, 0, 0, 0, 0, 1, 0, 0, 0, 0, 5, 0, 6
"c:\Users\Zika\Desktop\Zivojin\RIIEdition\bower_components\bootstrap\dist\css\bootstrap.css", "CSS", 0, 0, 0, 0, 0, 0, 0, 6826, 0, 0, 0, 0, 8, 0, 6834
"c:\Users\Zika\Desktop\Zivojin\RIIEdition\bower_components\bootstrap\dist\css\bootstrap.min.css", "CSS", 0, 0, 0, 0, 0, 0, 0, 1, 0, 0, 0, 0, 5, 0, 6
"c:\Users\Zika\Desktop\Zivojin\RIIEdition\bower_components\bootstrap\dist\fonts\glyphicons-halflings-regular.svg", "XML", 0, 0, 288, 0, 0, 0, 0, 0, 0, 0, 0, 0, 0, 0, 288
"c:\Users\Zika\Desktop\Zivojin\RIIEdition\bower_components\bootstrap\dist\js\bootstrap.js", "JavaScript", 0, 0, 0, 0, 0, 0, 1752, 0, 0, 0, 0, 0, 211, 618, 2581
"c:\Users\Zika\Desktop\Zivojin\RIIEdition\bower_components\bootstrap\dist\js\bootstrap.min.js", "JavaScript", 0, 0, 0, 0, 0, 0, 1, 0, 0, 0, 0, 0, 5, 0, 6
"c:\Users\Zika\Desktop\Zivojin\RIIEdition\bower_components\bootstrap\dist\js\npm.js", "JavaScript", 0, 0, 0, 0, 0, 0, 12, 0, 0, 0, 0, 0, 1, 0, 13
"c:\Users\Zika\Desktop\Zivojin\RIIEdition\bower_components\bootstrap\fonts\glyphicons-halflings-regular.svg", "XML", 0, 0, 288, 0, 0, 0, 0, 0, 0, 0, 0, 0, 0, 0, 288
"c:\Users\Zika\Desktop\Zivojin\RIIEdition\bower_components\bootstrap\grunt\browsers.js", "JavaScript", 0, 0, 0, 0, 0, 0, 83, 0, 0, 0, 0, 0, 1, 3, 87
"c:\Users\Zika\Desktop\Zivojin\RIIEdition\bower_components\bootstrap\grunt\bs-commonjs-generator.js", "JavaScript", 0, 0, 0, 0, 0, 0, 18, 0, 0, 0, 0, 0, 6, 7, 31
"c:\Users\Zika\Desktop\Zivojin\RIIEdition\bower_components\bootstrap\grunt\bs-glyphicons-data-generator.js", "JavaScript", 0, 0, 0, 0, 0, 0, 25, 0, 0, 0, 0, 0, 10, 8, 43
"c:\Users\Zika\Desktop\Zivojin\RIIEdition\bower_components\bootstrap\grunt\bs-lessdoc-parser.js", "JavaScript", 0, 0, 0, 0, 0, 0, 182, 0, 0, 0, 0, 0, 25, 31, 238
"c:\Users\Zika\Desktop\Zivojin\RIIEdition\bower_components\bootstrap\grunt\bs-raw-files-generator.js", "JavaScript", 0, 0, 0, 0, 0, 0, 8, 0, 0, 0, 0, 0, 34, 3, 45
"c:\Users\Zika\Desktop\Zivojin\RIIEdition\bower_components\bootstrap\grunt\change-version.js", "JavaScript", 0, 0, 0, 0, 0, 0, 94, 0, 0, 0, 0, 0, 8, 8, 110
"c:\Users\Zika\Desktop\Zivojin\RIIEdition\bower_components\bootstrap\grunt\configBridge.json", "JSON", 54, 0, 0, 0, 0, 0, 0, 0, 0, 0, 0, 0, 0, 1, 55
"c:\Users\Zika\Desktop\Zivojin\RIIEdition\bower_components\bootstrap\grunt\generate-sri.js", "JavaScript", 0, 0, 0, 0, 0, 0, 41, 0, 0, 0, 0, 0, 12, 10, 63
"c:\Users\Zika\Desktop\Zivojin\RIIEdition\bower_components\bootstrap\grunt\karma.conf.js", "JavaScript", 0, 0, 0, 0, 0, 0, 14, 0, 0, 0, 0, 0, 64, 2, 80
"c:\Users\Zika\Desktop\Zivojin\RIIEdition\bower_components\bootstrap\js\affix.js", "JavaScript", 0, 0, 0, 0, 0, 0, 103, 0, 0, 0, 0, 0, 15, 47, 165
"c:\Users\Zika\Desktop\Zivojin\RIIEdition\bower_components\bootstrap\js\alert.js", "JavaScript", 0, 0, 0, 0, 0, 0, 50, 0, 0, 0, 0, 0, 16, 30, 96
"c:\Users\Zika\Desktop\Zivojin\RIIEdition\bower_components\bootstrap\js\button.js", "JavaScript", 0, 0, 0, 0, 0, 0, 80, 0, 0, 0, 0, 0, 18, 28, 126
"c:\Users\Zika\Desktop\Zivojin\RIIEdition\bower_components\bootstrap\js\carousel.js", "JavaScript", 0, 0, 0, 0, 0, 0, 174, 0, 0, 0, 0, 0, 15, 58, 247
"c:\Users\Zika\Desktop\Zivojin\RIIEdition\bower_components\bootstrap\js\collapse.js", "JavaScript", 0, 0, 0, 0, 0, 0, 141, 0, 0, 0, 0, 0, 16, 56, 213
"c:\Users\Zika\Desktop\Zivojin\RIIEdition\bower_components\bootstrap\js\dropdown.js", "JavaScript", 0, 0, 0, 0, 0, 0, 100, 0, 0, 0, 0, 0, 16, 50, 166
"c:\Users\Zika\Desktop\Zivojin\RIIEdition\bower_components\bootstrap\js\modal.js", "JavaScript", 0, 0, 0, 0, 0, 0, 265, 0, 0, 0, 0, 0, 16, 78, 359
"c:\Users\Zika\Desktop\Zivojin\RIIEdition\bower_components\bootstrap\js\popover.js", "JavaScript", 0, 0, 0, 0, 0, 0, 73, 0, 0, 0, 0, 0, 17, 34, 124
"c:\Users\Zika\Desktop\Zivojin\RIIEdition\bower_components\bootstrap\js\scrollspy.js", "JavaScript", 0, 0, 0, 0, 0, 0, 119, 0, 0, 0, 0, 0, 15, 39, 173
"c:\Users\Zika\Desktop\Zivojin\RIIEdition\bower_components\bootstrap\js\tab.js", "JavaScript", 0, 0, 0, 0, 0, 0, 102, 0, 0, 0, 0, 0, 17, 37, 156
"c:\Users\Zika\Desktop\Zivojin\RIIEdition\bower_components\bootstrap\js\tooltip.js", "JavaScript", 0, 0, 0, 0, 0, 0, 498, 0, 0, 0, 0, 0, 35, 145, 678
"c:\Users\Zika\Desktop\Zivojin\RIIEdition\bower_components\bootstrap\js\transition.js", "JavaScript", 0, 0, 0, 0, 0, 0, 37, 0, 0, 0, 0, 0, 10, 13, 60
"c:\Users\Zika\Desktop\Zivojin\RIIEdition\bower_components\bootstrap\less\alerts.less", "Less", 0, 0, 0, 0, 0, 0, 0, 0, 0, 42, 0, 0, 16, 16, 74
"c:\Users\Zika\Desktop\Zivojin\RIIEdition\bower_components\bootstrap\less\badges.less", "Less", 0, 0, 0, 0, 0, 0, 0, 0, 0, 48, 0, 0, 8, 11, 67
"c:\Users\Zika\Desktop\Zivojin\RIIEdition\bower_components\bootstrap\less\bootstrap.less", "Less", 0, 0, 0, 0, 0, 0, 0, 0, 0, 39, 0, 0, 11, 7, 57
"c:\Users\Zika\Desktop\Zivojin\RIIEdition\bower_components\bootstrap\less\breadcrumbs.less", "Less", 0, 0, 0, 0, 0, 0, 0, 0, 0, 18, 0, 0, 3, 6, 27
"c:\Users\Zika\Desktop\Zivojin\RIIEdition\bower_components\bootstrap\less\button-groups.less", "Less", 0, 0, 0, 0, 0, 0, 0, 0, 0, 174, 0, 0, 40, 33, 247
"c:\Users\Zika\Desktop\Zivojin\RIIEdition\bower_components\bootstrap\less\buttons.less", "Less", 0, 0, 0, 0, 0, 0, 0, 0, 0, 121, 0, 0, 23, 25, 169
"c:\Users\Zika\Desktop\Zivojin\RIIEdition\bower_components\bootstrap\less\carousel.less", "Less", 0, 0, 0, 0, 0, 0, 0, 0, 0, 207, 0, 0, 34, 33, 274
"c:\Users\Zika\Desktop\Zivojin\RIIEdition\bower_components\bootstrap\less\close.less", "Less", 0, 0, 0, 0, 0, 0, 0, 0, 0, 24, 0, 0, 8, 6, 38
"c:\Users\Zika\Desktop\Zivojin\RIIEdition\bower_components\bootstrap\less\code.less", "Less", 0, 0, 0, 0, 0, 0, 0, 0, 0, 52, 0, 0, 9, 9, 70
"c:\Users\Zika\Desktop\Zivojin\RIIEdition\bower_components\bootstrap\less\component-animations.less", "Less", 0, 0, 0, 0, 0, 0, 0, 0, 0, 21, 0, 0, 8, 8, 37
"c:\Users\Zika\Desktop\Zivojin\RIIEdition\bower_components\bootstrap\less\dropdowns.less", "Less", 0, 0, 0, 0, 0, 0, 0, 0, 0, 145, 0, 0, 44, 25, 214
"c:\Users\Zika\Desktop\Zivojin\RIIEdition\bower_components\bootstrap\less\forms.less", "Less", 0, 0, 0, 0, 0, 0, 0, 0, 0, 382, 0, 0, 142, 82, 606
"c:\Users\Zika\Desktop\Zivojin\RIIEdition\bower_components\bootstrap\less\glyphicons.less", "Less", 0, 0, 0, 0, 0, 0, 0, 0, 0, 283, 0, 0, 20, 5, 308
"c:\Users\Zika\Desktop\Zivojin\RIIEdition\bower_components\bootstrap\less\grid.less", "Less", 0, 0, 0, 0, 0, 0, 0, 0, 0, 37, 0, 0, 30, 28, 95
"c:\Users\Zika\Desktop\Zivojin\RIIEdition\bower_components\bootstrap\less\input-groups.less", "Less", 0, 0, 0, 0, 0, 0, 0, 0, 0, 122, 0, 0, 32, 20, 174
"c:\Users\Zika\Desktop\Zivojin\RIIEdition\bower_components\bootstrap\less\jumbotron.less", "Less", 0, 0, 0, 0, 0, 0, 0, 0, 0, 41, 0, 0, 3, 11, 55
"c:\Users\Zika\Desktop\Zivojin\RIIEdition\bower_components\bootstrap\less\labels.less", "Less", 0, 0, 0, 0, 0, 0, 0, 0, 0, 45, 0, 0, 8, 12, 65
"c:\Users\Zika\Desktop\Zivojin\RIIEdition\bower_components\bootstrap\less\list-group.less", "Less", 0, 0, 0, 0, 0, 0, 0, 0, 0, 77, 0, 0, 29, 25, 131
"c:\Users\Zika\Desktop\Zivojin\RIIEdition\bower_components\bootstrap\less\media.less", "Less", 0, 0, 0, 0, 0, 0, 0, 0, 0, 48, 0, 0, 6, 13, 67
"c:\Users\Zika\Desktop\Zivojin\RIIEdition\bower_components\bootstrap\less\mixins.less", "Less", 0, 0, 0, 0, 0, 0, 0, 0, 0, 30, 0, 0, 6, 5, 41
"c:\Users\Zika\Desktop\Zivojin\RIIEdition\bower_components\bootstrap\less\mixins\alerts.less", "Less", 0, 0, 0, 0, 0, 0, 0, 0, 0, 11, 0, 0, 1, 4, 16
"c:\Users\Zika\Desktop\Zivojin\RIIEdition\bower_components\bootstrap\less\mixins\background-variant.less", "Less", 0, 0, 0, 0, 0, 0, 0, 0, 0, 7, 0, 0, 1, 2, 10
"c:\Users\Zika\Desktop\Zivojin\RIIEdition\bower_components\bootstrap\less\mixins\border-radius.less", "Less", 0, 0, 0, 0, 0, 0, 0, 0, 0, 16, 0, 0, 1, 2, 19
"c:\Users\Zika\Desktop\Zivojin\RIIEdition\bower_components\bootstrap\less\mixins\buttons.less", "Less", 0, 0, 0, 0, 0, 0, 0, 0, 0, 51, 0, 0, 5, 6, 62
"c:\Users\Zika\Desktop\Zivojin\RIIEdition\bower_components\bootstrap\less\mixins\center-block.less", "Less", 0, 0, 0, 0, 0, 0, 0, 0, 0, 5, 0, 0, 1, 2, 8
"c:\Users\Zika\Desktop\Zivojin\RIIEdition\bower_components\bootstrap\less\mixins\clearfix.less", "Less", 0, 0, 0, 0, 0, 0, 0, 0, 0, 10, 0, 0, 11, 2, 23
"c:\Users\Zika\Desktop\Zivojin\RIIEdition\bower_components\bootstrap\less\mixins\forms.less", "Less", 0, 0, 0, 0, 0, 0, 0, 0, 0, 54, 0, 0, 25, 7, 86
"c:\Users\Zika\Desktop\Zivojin\RIIEdition\bower_components\bootstrap\less\mixins\gradients.less", "Less", 0, 0, 0, 0, 0, 0, 0, 0, 0, 46, 0, 0, 9, 5, 60
"c:\Users\Zika\Desktop\Zivojin\RIIEdition\bower_components\bootstrap\less\mixins\grid-framework.less", "Less", 0, 0, 0, 0, 0, 0, 0, 0, 0, 76, 0, 0, 10, 6, 92
"c:\Users\Zika\Desktop\Zivojin\RIIEdition\bower_components\bootstrap\less\mixins\grid.less", "Less", 0, 0, 0, 0, 0, 0, 0, 0, 0, 104, 0, 0, 9, 10, 123
"c:\Users\Zika\Desktop\Zivojin\RIIEdition\bower_components\bootstrap\less\mixins\hide-text.less", "Less", 0, 0, 0, 0, 0, 0, 0, 0, 0, 10, 0, 0, 10, 4, 24
"c:\Users\Zika\Desktop\Zivojin\RIIEdition\bower_components\bootstrap\less\mixins\image.less", "Less", 0, 0, 0, 0, 0, 0, 0, 0, 0, 18, 0, 0, 8, 5, 31
"c:\Users\Zika\Desktop\Zivojin\RIIEdition\bower_components\bootstrap\less\mixins\labels.less", "Less", 0, 0, 0, 0, 0, 0, 0, 0, 0, 9, 0, 0, 1, 3, 13
"c:\Users\Zika\Desktop\Zivojin\RIIEdition\bower_components\bootstrap\less\mixins\list-group.less", "Less", 0, 0, 0, 0, 0, 0, 0, 0, 0, 25, 0, 0, 1, 5, 31
"c:\Users\Zika\Desktop\Zivojin\RIIEdition\bower_components\bootstrap\less\mixins\nav-divider.less", "Less", 0, 0, 0, 0, 0, 0, 0, 0, 0, 6, 0, 0, 3, 2, 11
"c:\Users\Zika\Desktop\Zivojin\RIIEdition\bower_components\bootstrap\less\mixins\nav-vertical-align.less", "Less", 0, 0, 0, 0, 0, 0, 0, 0, 0, 4, 0, 0, 4, 2, 10
"c:\Users\Zika\Desktop\Zivojin\RIIEdition\bower_components\bootstrap\less\mixins\opacity.less", "Less", 0, 0, 0, 0, 0, 0, 0, 0, 0, 5, 0, 0, 1, 2, 8
"c:\Users\Zika\Desktop\Zivojin\RIIEdition\bower_components\bootstrap\less\mixins\pagination.less", "Less", 0, 0, 0, 0, 0, 0, 0, 0, 0, 22, 0, 0, 1, 2, 25
"c:\Users\Zika\Desktop\Zivojin\RIIEdition\bower_components\bootstrap\less\mixins\panels.less", "Less", 0, 0, 0, 0, 0, 0, 0, 0, 0, 20, 0, 0, 1, 4, 25
"c:\Users\Zika\Desktop\Zivojin\RIIEdition\bower_components\bootstrap\less\mixins\progress-bar.less", "Less", 0, 0, 0, 0, 0, 0, 0, 0, 0, 6, 0, 0, 2, 3, 11
"c:\Users\Zika\Desktop\Zivojin\RIIEdition\bower_components\bootstrap\less\mixins\reset-filter.less", "Less", 0, 0, 0, 0, 0, 0, 0, 0, 0, 3, 0, 0, 4, 2, 9
"c:\Users\Zika\Desktop\Zivojin\RIIEdition\bower_components\bootstrap\less\mixins\reset-text.less", "Less", 0, 0, 0, 0, 0, 0, 0, 0, 0, 17, 0, 0, 1, 1, 19
"c:\Users\Zika\Desktop\Zivojin\RIIEdition\bower_components\bootstrap\less\mixins\resize.less", "Less", 0, 0, 0, 0, 0, 0, 0, 0, 0, 4, 0, 0, 1, 2, 7
"c:\Users\Zika\Desktop\Zivojin\RIIEdition\bower_components\bootstrap\less\mixins\responsive-visibility.less", "Less", 0, 0, 0, 0, 0, 0, 0, 0, 0, 10, 0, 0, 1, 3, 14
"c:\Users\Zika\Desktop\Zivojin\RIIEdition\bower_components\bootstrap\less\mixins\size.less", "Less", 0, 0, 0, 0, 0, 0, 0, 0, 0, 7, 0, 0, 1, 3, 11
"c:\Users\Zika\Desktop\Zivojin\RIIEdition\bower_components\bootstrap\less\mixins\tab-focus.less", "Less", 0, 0, 0, 0, 0, 0, 0, 0, 0, 4, 0, 0, 4, 2, 10
"c:\Users\Zika\Desktop\Zivojin\RIIEdition\bower_components\bootstrap\less\mixins\table-row.less", "Less", 0, 0, 0, 0, 0, 0, 0, 0, 0, 21, 0, 0, 5, 3, 29
"c:\Users\Zika\Desktop\Zivojin\RIIEdition\bower_components\bootstrap\less\mixins\text-emphasis.less", "Less", 0, 0, 0, 0, 0, 0, 0, 0, 0, 7, 0, 0, 1, 2, 10
"c:\Users\Zika\Desktop\Zivojin\RIIEdition\bower_components\bootstrap\less\mixins\text-overflow.less", "Less", 0, 0, 0, 0, 0, 0, 0, 0, 0, 5, 0, 0, 2, 2, 9
"c:\Users\Zika\Desktop\Zivojin\RIIEdition\bower_components\bootstrap\less\mixins\vendor-prefixes.less", "Less", 0, 0, 0, 0, 0, 0, 0, 0, 0, 178, 0, 0, 32, 20, 230
"c:\Users\Zika\Desktop\Zivojin\RIIEdition\bower_components\bootstrap\less\modals.less", "Less", 0, 0, 0, 0, 0, 0, 0, 0, 0, 102, 0, 0, 31, 18, 151
"c:\Users\Zika\Desktop\Zivojin\RIIEdition\bower_components\bootstrap\less\navbar.less", "Less", 0, 0, 0, 0, 0, 0, 0, 0, 0, 471, 0, 0, 85, 101, 657
"c:\Users\Zika\Desktop\Zivojin\RIIEdition\bower_components\bootstrap\less\navs.less", "Less", 0, 0, 0, 0, 0, 0, 0, 0, 0, 161, 0, 0, 44, 40, 245
"c:\Users\Zika\Desktop\Zivojin\RIIEdition\bower_components\bootstrap\less\normalize.less", "Less", 0, 0, 0, 0, 0, 0, 0, 0, 0, 179, 0, 0, 164, 87, 430
"c:\Users\Zika\Desktop\Zivojin\RIIEdition\bower_components\bootstrap\less\pager.less", "Less", 0, 0, 0, 0, 0, 0, 0, 0, 0, 45, 0, 0, 3, 7, 55
"c:\Users\Zika\Desktop\Zivojin\RIIEdition\bower_components\bootstrap\less\pagination.less", "Less", 0, 0, 0, 0, 0, 0, 0, 0, 0, 72, 0, 0, 7, 8, 87
"c:\Users\Zika\Desktop\Zivojin\RIIEdition\bower_components\bootstrap\less\panels.less", "Less", 0, 0, 0, 0, 0, 0, 0, 0, 0, 213, 0, 0, 28, 33, 274
"c:\Users\Zika\Desktop\Zivojin\RIIEdition\bower_components\bootstrap\less\popovers.less", "Less", 0, 0, 0, 0, 0, 0, 0, 0, 0, 108, 0, 0, 8, 11, 127
"c:\Users\Zika\Desktop\Zivojin\RIIEdition\bower_components\bootstrap\less\print.less", "Less", 0, 0, 0, 0, 0, 0, 0, 0, 0, 74, 0, 0, 10, 18, 102
"c:\Users\Zika\Desktop\Zivojin\RIIEdition\bower_components\bootstrap\less\progress-bars.less", "Less", 0, 0, 0, 0, 0, 0, 0, 0, 0, 49, 0, 0, 23, 18, 90
"c:\Users\Zika\Desktop\Zivojin\RIIEdition\bower_components\bootstrap\less\responsive-embed.less", "Less", 0, 0, 0, 0, 0, 0, 0, 0, 0, 26, 0, 0, 5, 5, 36
"c:\Users\Zika\Desktop\Zivojin\RIIEdition\bower_components\bootstrap\less\responsive-utilities.less", "Less", 0, 0, 0, 0, 0, 0, 0, 0, 0, 152, 0, 0, 24, 21, 197
"c:\Users\Zika\Desktop\Zivojin\RIIEdition\bower_components\bootstrap\less\scaffolding.less", "Less", 0, 0, 0, 0, 0, 0, 0, 0, 0, 92, 0, 0, 35, 35, 162
"c:\Users\Zika\Desktop\Zivojin\RIIEdition\bower_components\bootstrap\less\tables.less", "Less", 0, 0, 0, 0, 0, 0, 0, 0, 0, 159, 0, 0, 40, 38, 237
"c:\Users\Zika\Desktop\Zivojin\RIIEdition\bower_components\bootstrap\less\theme.less", "Less", 0, 0, 0, 0, 0, 0, 0, 0, 0, 188, 0, 0, 57, 53, 298
"c:\Users\Zika\Desktop\Zivojin\RIIEdition\bower_components\bootstrap\less\thumbnails.less", "Less", 0, 0, 0, 0, 0, 0, 0, 0, 0, 25, 0, 0, 7, 7, 39
"c:\Users\Zika\Desktop\Zivojin\RIIEdition\bower_components\bootstrap\less\tooltip.less", "Less", 0, 0, 0, 0, 0, 0, 0, 0, 0, 96, 0, 0, 9, 8, 113
"c:\Users\Zika\Desktop\Zivojin\RIIEdition\bower_components\bootstrap\less\type.less", "Less", 0, 0, 0, 0, 0, 0, 0, 0, 0, 213, 0, 0, 44, 48, 305
"c:\Users\Zika\Desktop\Zivojin\RIIEdition\bower_components\bootstrap\less\utilities.less", "Less", 0, 0, 0, 0, 0, 0, 0, 0, 0, 30, 0, 0, 14, 14, 58
"c:\Users\Zika\Desktop\Zivojin\RIIEdition\bower_components\bootstrap\less\variables.less", "Less", 0, 0, 0, 0, 0, 0, 0, 0, 0, 387, 0, 0, 279, 206, 872
"c:\Users\Zika\Desktop\Zivojin\RIIEdition\bower_components\bootstrap\less\wells.less", "Less", 0, 0, 0, 0, 0, 0, 0, 0, 0, 21, 0, 0, 5, 4, 30
"c:\Users\Zika\Desktop\Zivojin\RIIEdition\bower_components\bootstrap\nuget\MyGet.ps1", "PowerShell", 0, 0, 0, 0, 0, 0, 0, 0, 0, 0, 0, 4, 2, 3, 9
"c:\Users\Zika\Desktop\Zivojin\RIIEdition\bower_components\bootstrap\nuget\bootstrap.less.nuspec", "XML", 0, 0, 31, 0, 0, 0, 0, 0, 0, 0, 0, 0, 0, 0, 31
"c:\Users\Zika\Desktop\Zivojin\RIIEdition\bower_components\bootstrap\nuget\bootstrap.nuspec", "XML", 0, 0, 31, 0, 0, 0, 0, 0, 0, 0, 0, 0, 0, 0, 31
"c:\Users\Zika\Desktop\Zivojin\RIIEdition\bower_components\bootstrap\package-lock.json", "JSON", 8870, 0, 0, 0, 0, 0, 0, 0, 0, 0, 0, 0, 0, 1, 8871
"c:\Users\Zika\Desktop\Zivojin\RIIEdition\bower_components\bootstrap\package.js", "JavaScript", 0, 0, 0, 0, 0, 0, 26, 0, 0, 0, 0, 0, 3, 4, 33
"c:\Users\Zika\Desktop\Zivojin\RIIEdition\bower_components\bootstrap\package.json", "JSON", 101, 0, 0, 0, 0, 0, 0, 0, 0, 0, 0, 0, 0, 1, 102
"c:\Users\Zika\Desktop\Zivojin\RIIEdition\bower_components\font-awesome\.bower.json", "JSON", 36, 0, 0, 0, 0, 0, 0, 0, 0, 0, 0, 0, 0, 0, 36
"c:\Users\Zika\Desktop\Zivojin\RIIEdition\bower_components\font-awesome\.npmignore", "Ignore", 0, 0, 0, 0, 0, 0, 0, 0, 0, 0, 35, 0, 1, 7, 43
"c:\Users\Zika\Desktop\Zivojin\RIIEdition\bower_components\font-awesome\bower.json", "JSON", 22, 0, 0, 0, 0, 0, 0, 0, 0, 0, 0, 0, 0, 1, 23
"c:\Users\Zika\Desktop\Zivojin\RIIEdition\bower_components\font-awesome\css\font-awesome.css", "CSS", 0, 0, 0, 0, 0, 0, 0, 2327, 0, 0, 0, 0, 10, 1, 2338
"c:\Users\Zika\Desktop\Zivojin\RIIEdition\bower_components\font-awesome\css\font-awesome.min.css", "CSS", 0, 0, 0, 0, 0, 0, 0, 1, 0, 0, 0, 0, 3, 1, 5
"c:\Users\Zika\Desktop\Zivojin\RIIEdition\bower_components\font-awesome\fonts\fontawesome-webfont.svg", "XML", 0, 0, 2671, 0, 0, 0, 0, 0, 0, 0, 0, 0, 0, 1, 2672
"c:\Users\Zika\Desktop\Zivojin\RIIEdition\bower_components\font-awesome\less\animated.less", "Less", 0, 0, 0, 0, 0, 0, 0, 0, 0, 28, 0, 0, 2, 5, 35
"c:\Users\Zika\Desktop\Zivojin\RIIEdition\bower_components\font-awesome\less\bordered-pulled.less", "Less", 0, 0, 0, 0, 0, 0, 0, 0, 0, 17, 0, 0, 3, 6, 26
"c:\Users\Zika\Desktop\Zivojin\RIIEdition\bower_components\font-awesome\less\core.less", "Less", 0, 0, 0, 0, 0, 0, 0, 0, 0, 8, 0, 0, 2, 3, 13
"c:\Users\Zika\Desktop\Zivojin\RIIEdition\bower_components\font-awesome\less\fixed-width.less", "Less", 0, 0, 0, 0, 0, 0, 0, 0, 0, 4, 0, 0, 2, 1, 7
"c:\Users\Zika\Desktop\Zivojin\RIIEdition\bower_components\font-awesome\less\font-awesome.less", "Less", 0, 0, 0, 0, 0, 0, 0, 0, 0, 13, 0, 0, 4, 2, 19
"c:\Users\Zika\Desktop\Zivojin\RIIEdition\bower_components\font-awesome\less\icons.less", "Less", 0, 0, 0, 0, 0, 0, 0, 0, 0, 786, 0, 0, 2, 2, 790
"c:\Users\Zika\Desktop\Zivojin\RIIEdition\bower_components\font-awesome\less\larger.less", "Less", 0, 0, 0, 0, 0, 0, 0, 0, 0, 9, 0, 0, 3, 2, 14
"c:\Users\Zika\Desktop\Zivojin\RIIEdition\bower_components\font-awesome\less\list.less", "Less", 0, 0, 0, 0, 0, 0, 0, 0, 0, 16, 0, 0, 2, 2, 20
"c:\Users\Zika\Desktop\Zivojin\RIIEdition\bower_components\font-awesome\less\mixins.less", "Less", 0, 0, 0, 0, 0, 0, 0, 0, 0, 41, 0, 0, 10, 10, 61
"c:\Users\Zika\Desktop\Zivojin\RIIEdition\bower_components\font-awesome\less\path.less", "Less", 0, 0, 0, 0, 0, 0, 0, 0, 0, 11, 0, 0, 3, 2, 16
"c:\Users\Zika\Desktop\Zivojin\RIIEdition\bower_components\font-awesome\less\rotated-flipped.less", "Less", 0, 0, 0, 0, 0, 0, 0, 0, 0, 12, 0, 0, 4, 5, 21
"c:\Users\Zika\Desktop\Zivojin\RIIEdition\bower_components\font-awesome\less\screen-reader.less", "Less", 0, 0, 0, 0, 0, 0, 0, 0, 0, 2, 0, 0, 2, 2, 6
"c:\Users\Zika\Desktop\Zivojin\RIIEdition\bower_components\font-awesome\less\stacked.less", "Less", 0, 0, 0, 0, 0, 0, 0, 0, 0, 17, 0, 0, 2, 2, 21
"c:\Users\Zika\Desktop\Zivojin\RIIEdition\bower_components\font-awesome\less\variables.less", "Less", 0, 0, 0, 0, 0, 0, 0, 0, 0, 794, 0, 0, 3, 4, 801
"c:\Users\Zika\Desktop\Zivojin\RIIEdition\bower_components\font-awesome\scss\_animated.scss", "SCSS", 0, 0, 0, 0, 0, 0, 0, 0, 28, 0, 0, 0, 2, 5, 35
"c:\Users\Zika\Desktop\Zivojin\RIIEdition\bower_components\font-awesome\scss\_bordered-pulled.scss", "SCSS", 0, 0, 0, 0, 0, 0, 0, 0, 17, 0, 0, 0, 3, 6, 26
"c:\Users\Zika\Desktop\Zivojin\RIIEdition\bower_components\font-awesome\scss\_core.scss", "SCSS", 0, 0, 0, 0, 0, 0, 0, 0, 8, 0, 0, 0, 2, 3, 13
"c:\Users\Zika\Desktop\Zivojin\RIIEdition\bower_components\font-awesome\scss\_fixed-width.scss", "SCSS", 0, 0, 0, 0, 0, 0, 0, 0, 4, 0, 0, 0, 2, 1, 7
"c:\Users\Zika\Desktop\Zivojin\RIIEdition\bower_components\font-awesome\scss\_icons.scss", "SCSS", 0, 0, 0, 0, 0, 0, 0, 0, 786, 0, 0, 0, 2, 2, 790
"c:\Users\Zika\Desktop\Zivojin\RIIEdition\bower_components\font-awesome\scss\_larger.scss", "SCSS", 0, 0, 0, 0, 0, 0, 0, 0, 9, 0, 0, 0, 3, 2, 14
"c:\Users\Zika\Desktop\Zivojin\RIIEdition\bower_components\font-awesome\scss\_list.scss", "SCSS", 0, 0, 0, 0, 0, 0, 0, 0, 16, 0, 0, 0, 2, 2, 20
"c:\Users\Zika\Desktop\Zivojin\RIIEdition\bower_components\font-awesome\scss\_mixins.scss", "SCSS", 0, 0, 0, 0, 0, 0, 0, 0, 41, 0, 0, 0, 10, 10, 61
"c:\Users\Zika\Desktop\Zivojin\RIIEdition\bower_components\font-awesome\scss\_path.scss", "SCSS", 0, 0, 0, 0, 0, 0, 0, 0, 11, 0, 0, 0, 3, 2, 16
"c:\Users\Zika\Desktop\Zivojin\RIIEdition\bower_components\font-awesome\scss\_rotated-flipped.scss", "SCSS", 0, 0, 0, 0, 0, 0, 0, 0, 12, 0, 0, 0, 4, 5, 21
"c:\Users\Zika\Desktop\Zivojin\RIIEdition\bower_components\font-awesome\scss\_screen-reader.scss", "SCSS", 0, 0, 0, 0, 0, 0, 0, 0, 2, 0, 0, 0, 2, 2, 6
"c:\Users\Zika\Desktop\Zivojin\RIIEdition\bower_components\font-awesome\scss\_stacked.scss", "SCSS", 0, 0, 0, 0, 0, 0, 0, 0, 17, 0, 0, 0, 2, 2, 21
"c:\Users\Zika\Desktop\Zivojin\RIIEdition\bower_components\font-awesome\scss\_variables.scss", "SCSS", 0, 0, 0, 0, 0, 0, 0, 0, 794, 0, 0, 0, 3, 4, 801
"c:\Users\Zika\Desktop\Zivojin\RIIEdition\bower_components\font-awesome\scss\font-awesome.scss", "SCSS", 0, 0, 0, 0, 0, 0, 0, 0, 13, 0, 0, 0, 4, 2, 19
"c:\Users\Zika\Desktop\Zivojin\RIIEdition\bower_components\jquery\.bower.json", "JSON", 25, 0, 0, 0, 0, 0, 0, 0, 0, 0, 0, 0, 0, 0, 25
"c:\Users\Zika\Desktop\Zivojin\RIIEdition\bower_components\jquery\README.md", "Markdown", 0, 0, 0, 0, 43, 0, 0, 0, 0, 0, 0, 0, 0, 25, 68
"c:\Users\Zika\Desktop\Zivojin\RIIEdition\bower_components\jquery\bower.json", "JSON", 14, 0, 0, 0, 0, 0, 0, 0, 0, 0, 0, 0, 0, 0, 14
"c:\Users\Zika\Desktop\Zivojin\RIIEdition\bower_components\jquery\dist\core.js", "JavaScript", 0, 0, 0, 0, 0, 0, 256, 0, 0, 0, 0, 0, 60, 84, 400
"c:\Users\Zika\Desktop\Zivojin\RIIEdition\bower_components\jquery\dist\jquery.js", "JavaScript", 0, 0, 0, 0, 0, 0, 6800, 0, 0, 0, 0, 0, 1810, 1989, 10599
"c:\Users\Zika\Desktop\Zivojin\RIIEdition\bower_components\jquery\dist\jquery.min.js", "JavaScript", 0, 0, 0, 0, 0, 0, 1, 0, 0, 0, 0, 0, 1, 1, 3
"c:\Users\Zika\Desktop\Zivojin\RIIEdition\bower_components\jquery\dist\jquery.slim.js", "JavaScript", 0, 0, 0, 0, 0, 0, 5413, 0, 0, 0, 0, 0, 1478, 1605, 8496
"c:\Users\Zika\Desktop\Zivojin\RIIEdition\bower_components\jquery\dist\jquery.slim.min.js", "JavaScript", 0, 0, 0, 0, 0, 0, 1, 0, 0, 0, 0, 0, 1, 1, 3
"c:\Users\Zika\Desktop\Zivojin\RIIEdition\bower_components\jquery\external\sizzle\dist\sizzle.js", "JavaScript", 0, 0, 0, 0, 0, 0, 1475, 0, 0, 0, 0, 0, 462, 346, 2283
"c:\Users\Zika\Desktop\Zivojin\RIIEdition\bower_components\jquery\external\sizzle\dist\sizzle.min.js", "JavaScript", 0, 0, 0, 0, 0, 0, 1, 0, 0, 0, 0, 0, 2, 0, 3
"c:\Users\Zika\Desktop\Zivojin\RIIEdition\bower_components\jquery\src\.eslintrc.json", "JSON", 12, 0, 0, 0, 0, 0, 0, 0, 0, 0, 0, 0, 0, 3, 15
"c:\Users\Zika\Desktop\Zivojin\RIIEdition\bower_components\jquery\src\ajax.js", "JavaScript", 0, 0, 0, 0, 0, 0, 510, 0, 0, 0, 0, 0, 180, 169, 859
"c:\Users\Zika\Desktop\Zivojin\RIIEdition\bower_components\jquery\src\ajax\jsonp.js", "JavaScript", 0, 0, 0, 0, 0, 0, 66, 0, 0, 0, 0, 0, 16, 22, 104
"c:\Users\Zika\Desktop\Zivojin\RIIEdition\bower_components\jquery\src\ajax\load.js", "JavaScript", 0, 0, 0, 0, 0, 0, 45, 0, 0, 0, 0, 0, 17, 16, 78
"c:\Users\Zika\Desktop\Zivojin\RIIEdition\bower_components\jquery\src\ajax\parseXML.js", "JavaScript", 0, 0, 0, 0, 0, 0, 21, 0, 0, 0, 0, 0, 3, 7, 31
"c:\Users\Zika\Desktop\Zivojin\RIIEdition\bower_components\jquery\src\ajax\script.js", "JavaScript", 0, 0, 0, 0, 0, 0, 60, 0, 0, 0, 0, 0, 6, 9, 75
"c:\Users\Zika\Desktop\Zivojin\RIIEdition\bower_components\jquery\src\ajax\var\location.js", "JavaScript", 0, 0, 0, 0, 0, 0, 4, 0, 0, 0, 0, 0, 0, 2, 6
"c:\Users\Zika\Desktop\Zivojin\RIIEdition\bower_components\jquery\src\ajax\var\nonce.js", "JavaScript", 0, 0, 0, 0, 0, 0, 4, 0, 0, 0, 0, 0, 0, 2, 6
"c:\Users\Zika\Desktop\Zivojin\RIIEdition\bower_components\jquery\src\ajax\var\rquery.js", "JavaScript", 0, 0, 0, 0, 0, 0, 4, 0, 0, 0, 0, 0, 0, 2, 6
"c:\Users\Zika\Desktop\Zivojin\RIIEdition\bower_components\jquery\src\ajax\xhr.js", "JavaScript", 0, 0, 0, 0, 0, 0, 110, 0, 0, 0, 0, 0, 32, 29, 171
"c:\Users\Zika\Desktop\Zivojin\RIIEdition\bower_components\jquery\src\attributes.js", "JavaScript", 0, 0, 0, 0, 0, 0, 10, 0, 0, 0, 0, 0, 1, 3, 14
"c:\Users\Zika\Desktop\Zivojin\RIIEdition\bower_components\jquery\src\attributes\attr.js", "JavaScript", 0, 0, 0, 0, 0, 0, 106, 0, 0, 0, 0, 0, 10, 26, 142
"c:\Users\Zika\Desktop\Zivojin\RIIEdition\bower_components\jquery\src\attributes\classes.js", "JavaScript", 0, 0, 0, 0, 0, 0, 139, 0, 0, 0, 0, 0, 12, 36, 187
"c:\Users\Zika\Desktop\Zivojin\RIIEdition\bower_components\jquery\src\attributes\prop.js", "JavaScript", 0, 0, 0, 0, 0, 0, 100, 0, 0, 0, 0, 0, 17, 27, 144
"c:\Users\Zika\Desktop\Zivojin\RIIEdition\bower_components\jquery\src\attributes\support.js", "JavaScript", 0, 0, 0, 0, 0, 0, 19, 0, 0, 0, 0, 0, 6, 9, 34
"c:\Users\Zika\Desktop\Zivojin\RIIEdition\bower_components\jquery\src\attributes\val.js", "JavaScript", 0, 0, 0, 0, 0, 0, 133, 0, 0, 0, 0, 0, 19, 40, 192
"c:\Users\Zika\Desktop\Zivojin\RIIEdition\bower_components\jquery\src\callbacks.js", "JavaScript", 0, 0, 0, 0, 0, 0, 139, 0, 0, 0, 0, 0, 59, 39, 237
"c:\Users\Zika\Desktop\Zivojin\RIIEdition\bower_components\jquery\src\core.js", "JavaScript", 0, 0, 0, 0, 0, 0, 256, 0, 0, 0, 0, 0, 60, 84, 400
"c:\Users\Zika\Desktop\Zivojin\RIIEdition\bower_components\jquery\src\core\DOMEval.js", "JavaScript", 0, 0, 0, 0, 0, 0, 27, 0, 0, 0, 0, 0, 10, 7, 44
"c:\Users\Zika\Desktop\Zivojin\RIIEdition\bower_components\jquery\src\core\access.js", "JavaScript", 0, 0, 0, 0, 0, 0, 51, 0, 0, 0, 0, 0, 7, 15, 73
"c:\Users\Zika\Desktop\Zivojin\RIIEdition\bower_components\jquery\src\core\camelCase.js", "JavaScript", 0, 0, 0, 0, 0, 0, 12, 0, 0, 0, 0, 0, 5, 7, 24
"c:\Users\Zika\Desktop\Zivojin\RIIEdition\bower_components\jquery\src\core\init.js", "JavaScript", 0, 0, 0, 0, 0, 0, 70, 0, 0, 0, 0, 0, 29, 31, 130
"c:\Users\Zika\Desktop\Zivojin\RIIEdition\bower_components\jquery\src\core\isAttached.js", "JavaScript", 0, 0, 0, 0, 0, 0, 18, 0, 0, 0, 0, 0, 5, 4, 27
"c:\Users\Zika\Desktop\Zivojin\RIIEdition\bower_components\jquery\src\core\nodeName.js", "JavaScript", 0, 0, 0, 0, 0, 0, 7, 0, 0, 0, 0, 0, 0, 7, 14
"c:\Users\Zika\Desktop\Zivojin\RIIEdition\bower_components\jquery\src\core\parseHTML.js", "JavaScript", 0, 0, 0, 0, 0, 0, 40, 0, 0, 0, 0, 0, 11, 15, 66
"c:\Users\Zika\Desktop\Zivojin\RIIEdition\bower_components\jquery\src\core\ready-no-deferred.js", "JavaScript", 0, 0, 0, 0, 0, 0, 56, 0, 0, 0, 0, 0, 19, 23, 98
"c:\Users\Zika\Desktop\Zivojin\RIIEdition\bower_components\jquery\src\core\ready.js", "JavaScript", 0, 0, 0, 0, 0, 0, 44, 0, 0, 0, 0, 0, 20, 23, 87
"c:\Users\Zika\Desktop\Zivojin\RIIEdition\bower_components\jquery\src\core\readyException.js", "JavaScript", 0, 0, 0, 0, 0, 0, 10, 0, 0, 0, 0, 0, 0, 4, 14
"c:\Users\Zika\Desktop\Zivojin\RIIEdition\bower_components\jquery\src\core\stripAndCollapse.js", "JavaScript", 0, 0, 0, 0, 0, 0, 10, 0, 0, 0, 0, 0, 2, 3, 15
"c:\Users\Zika\Desktop\Zivojin\RIIEdition\bower_components\jquery\src\core\support.js", "JavaScript", 0, 0, 0, 0, 0, 0, 12, 0, 0, 0, 0, 0, 5, 4, 21
"c:\Users\Zika\Desktop\Zivojin\RIIEdition\bower_components\jquery\src\core\toType.js", "JavaScript", 0, 0, 0, 0, 0, 0, 15, 0, 0, 0, 0, 0, 1, 5, 21
"c:\Users\Zika\Desktop\Zivojin\RIIEdition\bower_components\jquery\src\core\var\rsingleTag.js", "JavaScript", 0, 0, 0, 0, 0, 0, 4, 0, 0, 0, 0, 0, 2, 2, 8
"c:\Users\Zika\Desktop\Zivojin\RIIEdition\bower_components\jquery\src\css.js", "JavaScript", 0, 0, 0, 0, 0, 0, 310, 0, 0, 0, 0, 0, 88, 87, 485
"c:\Users\Zika\Desktop\Zivojin\RIIEdition\bower_components\jquery\src\css\addGetHookIf.js", "JavaScript", 0, 0, 0, 0, 0, 0, 15, 0, 0, 0, 0, 0, 4, 8, 27
"c:\Users\Zika\Desktop\Zivojin\RIIEdition\bower_components\jquery\src\css\adjustCSS.js", "JavaScript", 0, 0, 0, 0, 0, 0, 50, 0, 0, 0, 0, 0, 9, 16, 75
"c:\Users\Zika\Desktop\Zivojin\RIIEdition\bower_components\jquery\src\css\curCSS.js", "JavaScript", 0, 0, 0, 0, 0, 0, 35, 0, 0, 0, 0, 0, 17, 14, 66
"c:\Users\Zika\Desktop\Zivojin\RIIEdition\bower_components\jquery\src\css\finalPropName.js", "JavaScript", 0, 0, 0, 0, 0, 0, 30, 0, 0, 0, 0, 0, 3, 10, 43
"c:\Users\Zika\Desktop\Zivojin\RIIEdition\bower_components\jquery\src\css\hiddenVisibleSelectors.js", "JavaScript", 0, 0, 0, 0, 0, 0, 12, 0, 0, 0, 0, 0, 0, 4, 16
"c:\Users\Zika\Desktop\Zivojin\RIIEdition\bower_components\jquery\src\css\showHide.js", "JavaScript", 0, 0, 0, 0, 0, 0, 81, 0, 0, 0, 0, 0, 6, 19, 106
"c:\Users\Zika\Desktop\Zivojin\RIIEdition\bower_components\jquery\src\css\support.js", "JavaScript", 0, 0, 0, 0, 0, 0, 68, 0, 0, 0, 0, 0, 17, 20, 105
"c:\Users\Zika\Desktop\Zivojin\RIIEdition\bower_components\jquery\src\css\var\cssExpand.js", "JavaScript", 0, 0, 0, 0, 0, 0, 4, 0, 0, 0, 0, 0, 0, 2, 6
"c:\Users\Zika\Desktop\Zivojin\RIIEdition\bower_components\jquery\src\css\var\getStyles.js", "JavaScript", 0, 0, 0, 0, 0, 0, 10, 0, 0, 0, 0, 0, 3, 5, 18
"c:\Users\Zika\Desktop\Zivojin\RIIEdition\bower_components\jquery\src\css\var\isHiddenWithinTree.js", "JavaScript", 0, 0, 0, 0, 0, 0, 13, 0, 0, 0, 0, 0, 15, 7, 35
"c:\Users\Zika\Desktop\Zivojin\RIIEdition\bower_components\jquery\src\css\var\rboxStyle.js", "JavaScript", 0, 0, 0, 0, 0, 0, 6, 0, 0, 0, 0, 0, 0, 2, 8
"c:\Users\Zika\Desktop\Zivojin\RIIEdition\bower_components\jquery\src\css\var\rnumnonpx.js", "JavaScript", 0, 0, 0, 0, 0, 0, 6, 0, 0, 0, 0, 0, 0, 2, 8
"c:\Users\Zika\Desktop\Zivojin\RIIEdition\bower_components\jquery\src\css\var\swap.js", "JavaScript", 0, 0, 0, 0, 0, 0, 16, 0, 0, 0, 0, 0, 3, 8, 27
"c:\Users\Zika\Desktop\Zivojin\RIIEdition\bower_components\jquery\src\data.js", "JavaScript", 0, 0, 0, 0, 0, 0, 116, 0, 0, 0, 0, 0, 31, 34, 181
"c:\Users\Zika\Desktop\Zivojin\RIIEdition\bower_components\jquery\src\data\Data.js", "JavaScript", 0, 0, 0, 0, 0, 0, 89, 0, 0, 0, 0, 0, 44, 30, 163
"c:\Users\Zika\Desktop\Zivojin\RIIEdition\bower_components\jquery\src\data\var\acceptData.js", "JavaScript", 0, 0, 0, 0, 0, 0, 6, 0, 0, 0, 0, 0, 9, 5, 20
"c:\Users\Zika\Desktop\Zivojin\RIIEdition\bower_components\jquery\src\data\var\dataPriv.js", "JavaScript", 0, 0, 0, 0, 0, 0, 6, 0, 0, 0, 0, 0, 0, 2, 8
"c:\Users\Zika\Desktop\Zivojin\RIIEdition\bower_components\jquery\src\data\var\dataUser.js", "JavaScript", 0, 0, 0, 0, 0, 0, 6, 0, 0, 0, 0, 0, 0, 2, 8
"c:\Users\Zika\Desktop\Zivojin\RIIEdition\bower_components\jquery\src\deferred.js", "JavaScript", 0, 0, 0, 0, 0, 0, 241, 0, 0, 0, 0, 0, 90, 69, 400
"c:\Users\Zika\Desktop\Zivojin\RIIEdition\bower_components\jquery\src\deferred\exceptionHook.js", "JavaScript", 0, 0, 0, 0, 0, 0, 12, 0, 0, 0, 0, 0, 4, 6, 22
"c:\Users\Zika\Desktop\Zivojin\RIIEdition\bower_components\jquery\src\deprecated.js", "JavaScript", 0, 0, 0, 0, 0, 0, 65, 0, 0, 0, 0, 0, 15, 19, 99
"c:\Users\Zika\Desktop\Zivojin\RIIEdition\bower_components\jquery\src\dimensions.js", "JavaScript", 0, 0, 0, 0, 0, 0, 37, 0, 0, 0, 0, 0, 8, 13, 58
"c:\Users\Zika\Desktop\Zivojin\RIIEdition\bower_components\jquery\src\effects.js", "JavaScript", 0, 0, 0, 0, 0, 0, 536, 0, 0, 0, 0, 0, 60, 107, 703
"c:\Users\Zika\Desktop\Zivojin\RIIEdition\bower_components\jquery\src\effects\Tween.js", "JavaScript", 0, 0, 0, 0, 0, 0, 93, 0, 0, 0, 0, 0, 13, 20, 126
"c:\Users\Zika\Desktop\Zivojin\RIIEdition\bower_components\jquery\src\effects\animatedSelector.js", "JavaScript", 0, 0, 0, 0, 0, 0, 12, 0, 0, 0, 0, 0, 0, 4, 16
"c:\Users\Zika\Desktop\Zivojin\RIIEdition\bower_components\jquery\src\event.js", "JavaScript", 0, 0, 0, 0, 0, 0, 583, 0, 0, 0, 0, 0, 147, 159, 889
"c:\Users\Zika\Desktop\Zivojin\RIIEdition\bower_components\jquery\src\event\ajax.js", "JavaScript", 0, 0, 0, 0, 0, 0, 18, 0, 0, 0, 0, 0, 1, 4, 23
"c:\Users\Zika\Desktop\Zivojin\RIIEdition\bower_components\jquery\src\event\alias.js", "JavaScript", 0, 0, 0, 0, 0, 0, 22, 0, 0, 0, 0, 0, 1, 7, 30
"c:\Users\Zika\Desktop\Zivojin\RIIEdition\bower_components\jquery\src\event\focusin.js", "JavaScript", 0, 0, 0, 0, 0, 0, 37, 0, 0, 0, 0, 0, 9, 10, 56
"c:\Users\Zika\Desktop\Zivojin\RIIEdition\bower_components\jquery\src\event\support.js", "JavaScript", 0, 0, 0, 0, 0, 0, 7, 0, 0, 0, 0, 0, 0, 5, 12
"c:\Users\Zika\Desktop\Zivojin\RIIEdition\bower_components\jquery\src\event\trigger.js", "JavaScript", 0, 0, 0, 0, 0, 0, 139, 0, 0, 0, 0, 0, 21, 40, 200
"c:\Users\Zika\Desktop\Zivojin\RIIEdition\bower_components\jquery\src\exports\amd.js", "JavaScript", 0, 0, 0, 0, 0, 0, 10, 0, 0, 0, 0, 0, 11, 6, 27
"c:\Users\Zika\Desktop\Zivojin\RIIEdition\bower_components\jquery\src\exports\global.js", "JavaScript", 0, 0, 0, 0, 0, 0, 20, 0, 0, 0, 0, 0, 5, 10, 35
"c:\Users\Zika\Desktop\Zivojin\RIIEdition\bower_components\jquery\src\jquery.js", "JavaScript", 0, 0, 0, 0, 0, 0, 37, 0, 0, 0, 0, 0, 0, 4, 41
"c:\Users\Zika\Desktop\Zivojin\RIIEdition\bower_components\jquery\src\manipulation.js", "JavaScript", 0, 0, 0, 0, 0, 0, 352, 0, 0, 0, 0, 0, 45, 93, 490
"c:\Users\Zika\Desktop\Zivojin\RIIEdition\bower_components\jquery\src\manipulation\_evalUrl.js", "JavaScript", 0, 0, 0, 0, 0, 0, 22, 0, 0, 0, 0, 0, 4, 7, 33
"c:\Users\Zika\Desktop\Zivojin\RIIEdition\bower_components\jquery\src\manipulation\buildFragment.js", "JavaScript", 0, 0, 0, 0, 0, 0, 67, 0, 0, 0, 0, 0, 16, 24, 107
"c:\Users\Zika\Desktop\Zivojin\RIIEdition\bower_components\jquery\src\manipulation\getAll.js", "JavaScript", 0, 0, 0, 0, 0, 0, 21, 0, 0, 0, 0, 0, 2, 10, 33
"c:\Users\Zika\Desktop\Zivojin\RIIEdition\bower_components\jquery\src\manipulation\setGlobalEval.js", "JavaScript", 0, 0, 0, 0, 0, 0, 17, 0, 0, 0, 0, 0, 1, 5, 23
"c:\Users\Zika\Desktop\Zivojin\RIIEdition\bower_components\jquery\src\manipulation\support.js", "JavaScript", 0, 0, 0, 0, 0, 0, 19, 0, 0, 0, 0, 0, 8, 9, 36
"c:\Users\Zika\Desktop\Zivojin\RIIEdition\bower_components\jquery\src\manipulation\var\rscriptType.js", "JavaScript", 0, 0, 0, 0, 0, 0, 4, 0, 0, 0, 0, 0, 0, 2, 6
"c:\Users\Zika\Desktop\Zivojin\RIIEdition\bower_components\jquery\src\manipulation\var\rtagName.js", "JavaScript", 0, 0, 0, 0, 0, 0, 4, 0, 0, 0, 0, 0, 3, 2, 9
"c:\Users\Zika\Desktop\Zivojin\RIIEdition\bower_components\jquery\src\manipulation\wrapMap.js", "JavaScript", 0, 0, 0, 0, 0, 0, 15, 0, 0, 0, 0, 0, 6, 9, 30
"c:\Users\Zika\Desktop\Zivojin\RIIEdition\bower_components\jquery\src\offset.js", "JavaScript", 0, 0, 0, 0, 0, 0, 156, 0, 0, 0, 0, 0, 38, 40, 234
"c:\Users\Zika\Desktop\Zivojin\RIIEdition\bower_components\jquery\src\queue.js", "JavaScript", 0, 0, 0, 0, 0, 0, 114, 0, 0, 0, 0, 0, 9, 23, 146
"c:\Users\Zika\Desktop\Zivojin\RIIEdition\bower_components\jquery\src\queue\delay.js", "JavaScript", 0, 0, 0, 0, 0, 0, 18, 0, 0, 0, 0, 0, 2, 5, 25
"c:\Users\Zika\Desktop\Zivojin\RIIEdition\bower_components\jquery\src\selector-native.js", "JavaScript", 0, 0, 0, 0, 0, 0, 152, 0, 0, 0, 0, 0, 47, 39, 238
"c:\Users\Zika\Desktop\Zivojin\RIIEdition\bower_components\jquery\src\selector-sizzle.js", "JavaScript", 0, 0, 0, 0, 0, 0, 14, 0, 0, 0, 0, 0, 1, 5, 20
"c:\Users\Zika\Desktop\Zivojin\RIIEdition\bower_components\jquery\src\selector.js", "JavaScript", 0, 0, 0, 0, 0, 0, 3, 0, 0, 0, 0, 0, 0, 1, 4
"c:\Users\Zika\Desktop\Zivojin\RIIEdition\bower_components\jquery\src\serialize.js", "JavaScript", 0, 0, 0, 0, 0, 0, 93, 0, 0, 0, 0, 0, 15, 29, 137
"c:\Users\Zika\Desktop\Zivojin\RIIEdition\bower_components\jquery\src\traversing.js", "JavaScript", 0, 0, 0, 0, 0, 0, 147, 0, 0, 0, 0, 0, 14, 31, 192
"c:\Users\Zika\Desktop\Zivojin\RIIEdition\bower_components\jquery\src\traversing\findFilter.js", "JavaScript", 0, 0, 0, 0, 0, 0, 75, 0, 0, 0, 0, 0, 6, 17, 98
"c:\Users\Zika\Desktop\Zivojin\RIIEdition\bower_components\jquery\src\traversing\var\dir.js", "JavaScript", 0, 0, 0, 0, 0, 0, 18, 0, 0, 0, 0, 0, 0, 5, 23
"c:\Users\Zika\Desktop\Zivojin\RIIEdition\bower_components\jquery\src\traversing\var\rneedsContext.js", "JavaScript", 0, 0, 0, 0, 0, 0, 7, 0, 0, 0, 0, 0, 0, 2, 9
"c:\Users\Zika\Desktop\Zivojin\RIIEdition\bower_components\jquery\src\traversing\var\siblings.js", "JavaScript", 0, 0, 0, 0, 0, 0, 12, 0, 0, 0, 0, 0, 0, 6, 18
"c:\Users\Zika\Desktop\Zivojin\RIIEdition\bower_components\jquery\src\var\ObjectFunctionString.js", "JavaScript", 0, 0, 0, 0, 0, 0, 6, 0, 0, 0, 0, 0, 0, 2, 8
"c:\Users\Zika\Desktop\Zivojin\RIIEdition\bower_components\jquery\src\var\arr.js", "JavaScript", 0, 0, 0, 0, 0, 0, 4, 0, 0, 0, 0, 0, 0, 2, 6
"c:\Users\Zika\Desktop\Zivojin\RIIEdition\bower_components\jquery\src\var\class2type.js", "JavaScript", 0, 0, 0, 0, 0, 0, 4, 0, 0, 0, 0, 0, 1, 2, 7
"c:\Users\Zika\Desktop\Zivojin\RIIEdition\bower_components\jquery\src\var\concat.js", "JavaScript", 0, 0, 0, 0, 0, 0, 6, 0, 0, 0, 0, 0, 0, 2, 8
"c:\Users\Zika\Desktop\Zivojin\RIIEdition\bower_components\jquery\src\var\document.js", "JavaScript", 0, 0, 0, 0, 0, 0, 4, 0, 0, 0, 0, 0, 0, 2, 6
"c:\Users\Zika\Desktop\Zivojin\RIIEdition\bower_components\jquery\src\var\documentElement.js", "JavaScript", 0, 0, 0, 0, 0, 0, 6, 0, 0, 0, 0, 0, 0, 2, 8
"c:\Users\Zika\Desktop\Zivojin\RIIEdition\bower_components\jquery\src\var\fnToString.js", "JavaScript", 0, 0, 0, 0, 0, 0, 6, 0, 0, 0, 0, 0, 0, 2, 8
"c:\Users\Zika\Desktop\Zivojin\RIIEdition\bower_components\jquery\src\var\getProto.js", "JavaScript", 0, 0, 0, 0, 0, 0, 4, 0, 0, 0, 0, 0, 0, 2, 6
"c:\Users\Zika\Desktop\Zivojin\RIIEdition\bower_components\jquery\src\var\hasOwn.js", "JavaScript", 0, 0, 0, 0, 0, 0, 6, 0, 0, 0, 0, 0, 0, 2, 8
"c:\Users\Zika\Desktop\Zivojin\RIIEdition\bower_components\jquery\src\var\indexOf.js", "JavaScript", 0, 0, 0, 0, 0, 0, 6, 0, 0, 0, 0, 0, 0, 2, 8
"c:\Users\Zika\Desktop\Zivojin\RIIEdition\bower_components\jquery\src\var\isFunction.js", "JavaScript", 0, 0, 0, 0, 0, 0, 6, 0, 0, 0, 0, 0, 4, 4, 14
"c:\Users\Zika\Desktop\Zivojin\RIIEdition\bower_components\jquery\src\var\isWindow.js", "JavaScript", 0, 0, 0, 0, 0, 0, 6, 0, 0, 0, 0, 0, 0, 3, 9
"c:\Users\Zika\Desktop\Zivojin\RIIEdition\bower_components\jquery\src\var\pnum.js", "JavaScript", 0, 0, 0, 0, 0, 0, 4, 0, 0, 0, 0, 0, 0, 2, 6
"c:\Users\Zika\Desktop\Zivojin\RIIEdition\bower_components\jquery\src\var\push.js", "JavaScript", 0, 0, 0, 0, 0, 0, 6, 0, 0, 0, 0, 0, 0, 2, 8
"c:\Users\Zika\Desktop\Zivojin\RIIEdition\bower_components\jquery\src\var\rcheckableType.js", "JavaScript", 0, 0, 0, 0, 0, 0, 4, 0, 0, 0, 0, 0, 0, 2, 6
"c:\Users\Zika\Desktop\Zivojin\RIIEdition\bower_components\jquery\src\var\rcssNum.js", "JavaScript", 0, 0, 0, 0, 0, 0, 6, 0, 0, 0, 0, 0, 0, 4, 10
"c:\Users\Zika\Desktop\Zivojin\RIIEdition\bower_components\jquery\src\var\rnothtmlwhite.js", "JavaScript", 0, 0, 0, 0, 0, 0, 4, 0, 0, 0, 0, 0, 3, 2, 9
"c:\Users\Zika\Desktop\Zivojin\RIIEdition\bower_components\jquery\src\var\slice.js", "JavaScript", 0, 0, 0, 0, 0, 0, 6, 0, 0, 0, 0, 0, 0, 2, 8
"c:\Users\Zika\Desktop\Zivojin\RIIEdition\bower_components\jquery\src\var\support.js", "JavaScript", 0, 0, 0, 0, 0, 0, 4, 0, 0, 0, 0, 0, 1, 2, 7
"c:\Users\Zika\Desktop\Zivojin\RIIEdition\bower_components\jquery\src\var\toString.js", "JavaScript", 0, 0, 0, 0, 0, 0, 6, 0, 0, 0, 0, 0, 0, 2, 8
"c:\Users\Zika\Desktop\Zivojin\RIIEdition\bower_components\jquery\src\wrap.js", "JavaScript", 0, 0, 0, 0, 0, 0, 60, 0, 0, 0, 0, 0, 1, 18, 79
"c:\Users\Zika\Desktop\Zivojin\RIIEdition\obj\Debug\netcoreapp3.1\RIIEdition.AssemblyInfo.cs", "C#", 0, 10, 0, 0, 0, 0, 0, 0, 0, 0, 0, 0, 10, 5, 25
"c:\Users\Zika\Desktop\Zivojin\RIIEdition\obj\Debug\netcoreapp3.1\RIIEdition.MvcApplicationPartsAssemblyInfo.cs", "C#", 0, 5, 0, 0, 0, 0, 0, 0, 0, 0, 0, 0, 9, 5, 19
"c:\Users\Zika\Desktop\Zivojin\RIIEdition\obj\Debug\netcoreapp3.1\RIIEdition.RazorAssemblyInfo.cs", "C#", 0, 3, 0, 0, 0, 0, 0, 0, 0, 0, 0, 0, 9, 5, 17
"c:\Users\Zika\Desktop\Zivojin\RIIEdition\obj\Debug\netcoreapp3.1\RIIEdition.RazorTargetAssemblyInfo.cs", "C#", 0, 11, 0, 0, 0, 0, 0, 0, 0, 0, 0, 0, 9, 5, 25
"c:\Users\Zika\Desktop\Zivojin\RIIEdition\obj\Debug\netcoreapp3.1\Razor\Pages\AdminPages\CreateRole.cshtml.g.cs", "C#", 0, 213, 0, 0, 0, 0, 0, 0, 0, 0, 0, 0, 1, 7, 221
"c:\Users\Zika\Desktop\Zivojin\RIIEdition\obj\Debug\netcoreapp3.1\Razor\Pages\AdminPages\EditRole.cshtml.g.cs", "C#", 0, 368, 0, 0, 0, 0, 0, 0, 0, 0, 0, 0, 1, 16, 385
"c:\Users\Zika\Desktop\Zivojin\RIIEdition\obj\Debug\netcoreapp3.1\Razor\Pages\AdminPages\EditUsersRoles.cshtml.g.cs", "C#", 0, 236, 0, 0, 0, 0, 0, 0, 0, 0, 0, 0, 1, 14, 251
"c:\Users\Zika\Desktop\Zivojin\RIIEdition\obj\Debug\netcoreapp3.1\Razor\Pages\AdminPages\ListRoles.cshtml.g.cs", "C#", 0, 242, 0, 0, 0, 0, 0, 0, 0, 0, 0, 0, 1, 11, 254
"c:\Users\Zika\Desktop\Zivojin\RIIEdition\obj\Debug\netcoreapp3.1\Razor\Pages\AdminPages\ListUsers.cshtml.g.cs", "C#", 0, 434, 0, 0, 0, 0, 0, 0, 0, 0, 0, 0, 1, 37, 472
"c:\Users\Zika\Desktop\Zivojin\RIIEdition\obj\Debug\netcoreapp3.1\Razor\Pages\Error.cshtml.g.cs", "C#", 0, 166, 0, 0, 0, 0, 0, 0, 0, 0, 0, 0, 1, 10, 177
"c:\Users\Zika\Desktop\Zivojin\RIIEdition\obj\Debug\netcoreapp3.1\Razor\Pages\Index.cshtml.g.cs", "C#", 0, 282, 0, 0, 0, 0, 0, 0, 0, 0, 0, 0, 1, 18, 301
"c:\Users\Zika\Desktop\Zivojin\RIIEdition\obj\Debug\netcoreapp3.1\Razor\Pages\Privacy.cshtml.g.cs", "C#", 0, 139, 0, 0, 0, 0, 0, 0, 0, 0, 0, 0, 1, 7, 147
"c:\Users\Zika\Desktop\Zivojin\RIIEdition\obj\Debug\netcoreapp3.1\Razor\Pages\Shared\_HeaderPartial.cshtml.g.cs", "C#", 0, 418, 0, 0, 0, 0, 0, 0, 0, 0, 0, 0, 1, 11, 430
"c:\Users\Zika\Desktop\Zivojin\RIIEdition\obj\Debug\netcoreapp3.1\Razor\Pages\Shared\_Layout.cshtml.g.cs", "C#", 0, 137, 0, 0, 0, 0, 0, 0, 0, 0, 0, 0, 1, 8, 146
"c:\Users\Zika\Desktop\Zivojin\RIIEdition\obj\Debug\netcoreapp3.1\Razor\Pages\Shared\_ScriptsPartial.cshtml.g.cs", "C#", 0, 107, 0, 0, 0, 0, 0, 0, 0, 0, 0, 0, 1, 6, 114
"c:\Users\Zika\Desktop\Zivojin\RIIEdition\obj\Debug\netcoreapp3.1\Razor\Pages\Shared\_ValidationScriptsPartial.cshtml.g.cs", "C#", 0, 106, 0, 0, 0, 0, 0, 0, 0, 0, 0, 0, 1, 4, 111
"c:\Users\Zika\Desktop\Zivojin\RIIEdition\obj\Debug\netcoreapp3.1\Razor\Pages\UserPages\BlanketNapravi.cshtml.g.cs", "C#", 0, 312, 0, 0, 0, 0, 0, 0, 0, 0, 0, 0, 1, 15, 328
"c:\Users\Zika\Desktop\Zivojin\RIIEdition\obj\Debug\netcoreapp3.1\Razor\Pages\UserPages\Calendar.cshtml.g.cs", "C#", 0, 855, 0, 0, 0, 0, 0, 0, 0, 0, 0, 0, 1, 79, 935
"c:\Users\Zika\Desktop\Zivojin\RIIEdition\obj\Debug\netcoreapp3.1\Razor\Pages\UserPages\ChangePassword.cshtml.g.cs", "C#", 0, 131, 0, 0, 0, 0, 0, 0, 0, 0, 0, 0, 1, 5, 137
"c:\Users\Zika\Desktop\Zivojin\RIIEdition\obj\Debug\netcoreapp3.1\Razor\Pages\UserPages\ConfirmEmail.cshtml.g.cs", "C#", 0, 125, 0, 0, 0, 0, 0, 0, 0, 0, 0, 0, 1, 4, 130
"c:\Users\Zika\Desktop\Zivojin\RIIEdition\obj\Debug\netcoreapp3.1\Razor\Pages\UserPages\EditUserProfile.cshtml.g.cs", "C#", 0, 124, 0, 0, 0, 0, 0, 0, 0, 0, 0, 0, 1, 4, 129
"c:\Users\Zika\Desktop\Zivojin\RIIEdition\obj\Debug\netcoreapp3.1\Razor\Pages\UserPages\ExternalLoginCallback.cshtml.g.cs", "C#", 0, 125, 0, 0, 0, 0, 0, 0, 0, 0, 0, 0, 1, 4, 130
"c:\Users\Zika\Desktop\Zivojin\RIIEdition\obj\Debug\netcoreapp3.1\Razor\Pages\UserPages\Login.cshtml.g.cs", "C#", 0, 561, 0, 0, 0, 0, 0, 0, 0, 0, 0, 0, 1, 29, 591
"c:\Users\Zika\Desktop\Zivojin\RIIEdition\obj\Debug\netcoreapp3.1\Razor\Pages\UserPages\Logout.cshtml.g.cs", "C#", 0, 124, 0, 0, 0, 0, 0, 0, 0, 0, 0, 0, 1, 4, 129
"c:\Users\Zika\Desktop\Zivojin\RIIEdition\obj\Debug\netcoreapp3.1\Razor\Pages\UserPages\Materijali.cshtml.g.cs", "C#", 0, 593, 0, 0, 0, 0, 0, 0, 0, 0, 0, 0, 1, 31, 625
"c:\Users\Zika\Desktop\Zivojin\RIIEdition\obj\Debug\netcoreapp3.1\Razor\Pages\UserPages\OMaterijalima.cshtml.g.cs", "C#", 0, 229, 0, 0, 0, 0, 0, 0, 0, 0, 0, 0, 1, 11, 241
"c:\Users\Zika\Desktop\Zivojin\RIIEdition\obj\Debug\netcoreapp3.1\Razor\Pages\UserPages\ProfilPage.cshtml.g.cs", "C#", 0, 283, 0, 0, 0, 0, 0, 0, 0, 0, 0, 0, 1, 11, 295
"c:\Users\Zika\Desktop\Zivojin\RIIEdition\obj\Debug\netcoreapp3.1\Razor\Pages\UserPages\Register.cshtml.g.cs", "C#", 0, 862, 0, 0, 0, 0, 0, 0, 0, 0, 0, 0, 1, 35, 898
"c:\Users\Zika\Desktop\Zivojin\RIIEdition\obj\Debug\netcoreapp3.1\Razor\Pages\UserPages\Relaksacija.cshtml.g.cs", "C#", 0, 284, 0, 0, 0, 0, 0, 0, 0, 0, 0, 0, 1, 24, 309
"c:\Users\Zika\Desktop\Zivojin\RIIEdition\obj\Debug\netcoreapp3.1\Razor\Pages\UserPages\ResetPassword.cshtml.g.cs", "C#", 0, 301, 0, 0, 0, 0, 0, 0, 0, 0, 0, 0, 1, 12, 314
"c:\Users\Zika\Desktop\Zivojin\RIIEdition\obj\Debug\netcoreapp3.1\Razor\Pages\UserPages\ZapocniVodic.cshtml.g.cs", "C#", 0, 185, 0, 0, 0, 0, 0, 0, 0, 0, 0, 0, 1, 4, 190
"c:\Users\Zika\Desktop\Zivojin\RIIEdition\obj\Debug\netcoreapp3.1\Razor\Pages\_ViewImports.cshtml.g.cs", "C#", 0, 54, 0, 0, 0, 0, 0, 0, 0, 0, 0, 0, 1, 4, 59
"c:\Users\Zika\Desktop\Zivojin\RIIEdition\obj\Debug\netcoreapp3.1\Razor\Pages\_ViewStart.cshtml.g.cs", "C#", 0, 61, 0, 0, 0, 0, 0, 0, 0, 0, 0, 0, 1, 6, 68
"c:\Users\Zika\Desktop\Zivojin\RIIEdition\obj\Debug\netcoreapp3.1\project.razor.json", "JSON", 20670, 0, 0, 0, 0, 0, 0, 0, 0, 0, 0, 0, 0, 0, 20670
"c:\Users\Zika\Desktop\Zivojin\RIIEdition\obj\Debug\netcoreapp3.1\staticwebassets\RIIEdition.StaticWebAssets.xml", "XML", 0, 0, 3, 0, 0, 0, 0, 0, 0, 0, 0, 0, 0, 0, 3
"c:\Users\Zika\Desktop\Zivojin\RIIEdition\obj\RIIEdition.csproj.EntityFrameworkCore.targets", "XML", 0, 0, 25, 0, 0, 0, 0, 0, 0, 0, 0, 0, 0, 1, 26
"c:\Users\Zika\Desktop\Zivojin\RIIEdition\obj\RIIEdition.csproj.nuget.dgspec.json", "JSON", 108, 0, 0, 0, 0, 0, 0, 0, 0, 0, 0, 0, 0, 0, 108
"c:\Users\Zika\Desktop\Zivojin\RIIEdition\obj\RIIEdition.csproj.nuget.g.props", "XML", 0, 0, 23, 0, 0, 0, 0, 0, 0, 0, 0, 0, 0, 0, 23
"c:\Users\Zika\Desktop\Zivojin\RIIEdition\obj\RIIEdition.csproj.nuget.g.targets", "XML", 0, 0, 9, 0, 0, 0, 0, 0, 0, 0, 0, 0, 0, 0, 9
"c:\Users\Zika\Desktop\Zivojin\RIIEdition\obj\project.assets.json", "JSON", 8643, 0, 0, 0, 0, 0, 0, 0, 0, 0, 0, 0, 0, 0, 8643
"c:\Users\Zika\Desktop\Zivojin\RIIEdition\package-lock.json", "JSON", 7994, 0, 0, 0, 0, 0, 0, 0, 0, 0, 0, 0, 0, 1, 7995
"c:\Users\Zika\Desktop\Zivojin\RIIEdition\package.json", "JSON", 53, 0, 0, 0, 0, 0, 0, 0, 0, 0, 0, 0, 0, 1, 54
"c:\Users\Zika\Desktop\Zivojin\RIIEdition\wwwroot\css\Index.css", "CSS", 0, 0, 0, 0, 0, 0, 0, 86, 0, 0, 0, 0, 0, 12, 98
"c:\Users\Zika\Desktop\Zivojin\RIIEdition\wwwroot\css\blanketnapravi.css", "CSS", 0, 0, 0, 0, 0, 0, 0, 301, 0, 0, 0, 0, 0, 29, 330
"c:\Users\Zika\Desktop\Zivojin\RIIEdition\wwwroot\css\login.css", "CSS", 0, 0, 0, 0, 0, 0, 0, 191, 0, 0, 0, 0, 1, 23, 215
"c:\Users\Zika\Desktop\Zivojin\RIIEdition\wwwroot\css\materijali.css", "CSS", 0, 0, 0, 0, 0, 0, 0, 691, 0, 0, 0, 0, 2, 58, 751
"c:\Users\Zika\Desktop\Zivojin\RIIEdition\wwwroot\css\omaterijalima.css", "CSS", 0, 0, 0, 0, 0, 0, 0, 160, 0, 0, 0, 0, 0, 20, 180
"c:\Users\Zika\Desktop\Zivojin\RIIEdition\wwwroot\css\relaksacija.css", "CSS", 0, 0, 0, 0, 0, 0, 0, 488, 0, 0, 0, 0, 7, 71, 566
"c:\Users\Zika\Desktop\Zivojin\RIIEdition\wwwroot\css\site.css", "CSS", 0, 0, 0, 0, 0, 0, 0, 53, 0, 0, 0, 0, 8, 13, 74
"c:\Users\Zika\Desktop\Zivojin\RIIEdition\wwwroot\css\zapocnivodic.css", "CSS", 0, 0, 0, 0, 0, 0, 0, 89, 0, 0, 0, 0, 0, 11, 100
"c:\Users\Zika\Desktop\Zivojin\RIIEdition\wwwroot\js\calendar.js", "JavaScript", 0, 0, 0, 0, 0, 0, 157, 0, 0, 0, 0, 0, 3, 44, 204
"c:\Users\Zika\Desktop\Zivojin\RIIEdition\wwwroot\js\index.js", "JavaScript", 0, 0, 0, 0, 0, 0, 0, 0, 0, 0, 0, 0, 0, 2, 2
"c:\Users\Zika\Desktop\Zivojin\RIIEdition\wwwroot\js\listusers.js", "JavaScript", 0, 0, 0, 0, 0, 0, 15, 0, 0, 0, 0, 0, 0, 3, 18
"c:\Users\Zika\Desktop\Zivojin\RIIEdition\wwwroot\js\materijali.js", "JavaScript", 0, 0, 0, 0, 0, 0, 37, 0, 0, 0, 0, 0, 2, 15, 54
"c:\Users\Zika\Desktop\Zivojin\RIIEdition\wwwroot\js\napraviblanket.js", "JavaScript", 0, 0, 0, 0, 0, 0, 100, 0, 0, 0, 0, 0, 1, 21, 122
"c:\Users\Zika\Desktop\Zivojin\RIIEdition\wwwroot\js\register.js", "JavaScript", 0, 0, 0, 0, 0, 0, 9, 0, 0, 0, 0, 0, 0, 2, 11
"c:\Users\Zika\Desktop\Zivojin\RIIEdition\wwwroot\js\site.js", "JavaScript", 0, 0, 0, 0, 0, 0, 0, 0, 0, 0, 0, 0, 3, 2, 5
"c:\Users\Zika\Desktop\Zivojin\RIIEdition\wwwroot\js\src\relaksacija.js", "JavaScript", 0, 0, 0, 0, 0, 0, 198, 0, 0, 0, 0, 0, 16, 91, 305
"c:\Users\Zika\Desktop\Zivojin\RIIEdition\wwwroot\lib\bootstrap\dist\css\bootstrap-grid.css", "CSS", 0, 0, 0, 0, 0, 0, 0, 3511, 0, 0, 0, 0, 7, 201, 3719
"c:\Users\Zika\Desktop\Zivojin\RIIEdition\wwwroot\lib\bootstrap\dist\css\bootstrap-grid.min.css", "CSS", 0, 0, 0, 0, 0, 0, 0, 1, 0, 0, 0, 0, 6, 0, 7
"c:\Users\Zika\Desktop\Zivojin\RIIEdition\wwwroot\lib\bootstrap\dist\css\bootstrap-reboot.css", "CSS", 0, 0, 0, 0, 0, 0, 0, 267, 0, 0, 0, 0, 8, 56, 331
"c:\Users\Zika\Desktop\Zivojin\RIIEdition\wwwroot\lib\bootstrap\dist\css\bootstrap-reboot.min.css", "CSS", 0, 0, 0, 0, 0, 0, 0, 1, 0, 0, 0, 0, 7, 0, 8
"c:\Users\Zika\Desktop\Zivojin\RIIEdition\wwwroot\lib\bootstrap\dist\css\bootstrap.css", "CSS", 0, 0, 0, 0, 0, 0, 0, 8832, 0, 0, 0, 0, 7, 1199, 10038
"c:\Users\Zika\Desktop\Zivojin\RIIEdition\wwwroot\lib\bootstrap\dist\css\bootstrap.min.css", "CSS", 0, 0, 0, 0, 0, 0, 0, 1, 0, 0, 0, 0, 6, 0, 7
"c:\Users\Zika\Desktop\Zivojin\RIIEdition\wwwroot\lib\bootstrap\dist\js\bootstrap.bundle.js", "JavaScript", 0, 0, 0, 0, 0, 0, 4493, 0, 0, 0, 0, 0, 1359, 1162, 7014
"c:\Users\Zika\Desktop\Zivojin\RIIEdition\wwwroot\lib\bootstrap\dist\js\bootstrap.bundle.min.js", "JavaScript", 0, 0, 0, 0, 0, 0, 1, 0, 0, 0, 0, 0, 6, 0, 7
"c:\Users\Zika\Desktop\Zivojin\RIIEdition\wwwroot\lib\bootstrap\dist\js\bootstrap.js", "JavaScript", 0, 0, 0, 0, 0, 0, 3262, 0, 0, 0, 0, 0, 332, 842, 4436
"c:\Users\Zika\Desktop\Zivojin\RIIEdition\wwwroot\lib\bootstrap\dist\js\bootstrap.min.js", "JavaScript", 0, 0, 0, 0, 0, 0, 1, 0, 0, 0, 0, 0, 6, 0, 7
"c:\Users\Zika\Desktop\Zivojin\RIIEdition\wwwroot\lib\jquery-validation-unobtrusive\jquery.validate.unobtrusive.js", "JavaScript", 0, 0, 0, 0, 0, 0, 418, 0, 0, 0, 0, 0, 10, 5, 433
"c:\Users\Zika\Desktop\Zivojin\RIIEdition\wwwroot\lib\jquery-validation-unobtrusive\jquery.validate.unobtrusive.min.js", "JavaScript", 0, 0, 0, 0, 0, 0, 1, 0, 0, 0, 0, 0, 4, 0, 5
"c:\Users\Zika\Desktop\Zivojin\RIIEdition\wwwroot\lib\jquery-validation\LICENSE.md", "Markdown", 0, 0, 0, 0, 18, 0, 0, 0, 0, 0, 0, 0, 0, 5, 23
"c:\Users\Zika\Desktop\Zivojin\RIIEdition\wwwroot\lib\jquery-validation\dist\additional-methods.js", "JavaScript", 0, 0, 0, 0, 0, 0, 1005, 0, 0, 0, 0, 0, 118, 35, 1158
"c:\Users\Zika\Desktop\Zivojin\RIIEdition\wwwroot\lib\jquery-validation\dist\additional-methods.min.js", "JavaScript", 0, 0, 0, 0, 0, 0, 1, 0, 0, 0, 0, 0, 3, 0, 4
"c:\Users\Zika\Desktop\Zivojin\RIIEdition\wwwroot\lib\jquery-validation\dist\jquery.validate.js", "JavaScript", 0, 0, 0, 0, 0, 0, 1262, 0, 0, 0, 0, 0, 151, 188, 1601
"c:\Users\Zika\Desktop\Zivojin\RIIEdition\wwwroot\lib\jquery-validation\dist\jquery.validate.min.js", "JavaScript", 0, 0, 0, 0, 0, 0, 1, 0, 0, 0, 0, 0, 3, 0, 4
"c:\Users\Zika\Desktop\Zivojin\RIIEdition\wwwroot\lib\jquery\dist\jquery.js", "JavaScript", 0, 0, 0, 0, 0, 0, 6689, 0, 0, 0, 0, 0, 1725, 1951, 10365
"c:\Users\Zika\Desktop\Zivojin\RIIEdition\wwwroot\lib\jquery\dist\jquery.min.js", "JavaScript", 0, 0, 0, 0, 0, 0, 1, 0, 0, 0, 0, 0, 1, 1, 3
"Total", "-", 61127, 12633, 3394, 1401, 224, 8, 42155, 24547, 1859, 7439, 35, 4, 11593, 16909, 183328